comment,rating,,,,
"V?i có chút m?ng , c?ng và nóng c? tay c? áo may to thô",4,,,,
Áo m?ng và có dính chút màu do in nên cho shop 4 sao,4,,,,
"Áo ?n l?m ?, c? áo h?i d?, khá nhi?u ch? th?a, hình in h?i m? không ?n l?m nhma c?ng ???c. Tr? 1* vì c? áo d? thôi ?.",4,,,,
V?i m?ng ?ng tay h?i bé,4,,,,
 hàng ko gi?ng ?nh ?ã th? còn b? rách m?t ch? :(((((,4,,,,
2 b? h?ng vàng ch?t t?m ?n. b? màu tím và ?? ch?t nh?o nhoét luôn không mê dc.,1,,,,
"Nh?n ?? s? l??ng,tuy nhiên th?t s? ko hài lòng l?m,shop g?i hàng th?y dính màu trên s?n ph?m v?y mà v?n g?i cho khách ??n ch?u,nh?n tin cho shop ko th?y shop ph?n h?i m?c dù có.Các m?u khác nhìn chung ?n phù h?p giá ti?n ",1,,,,
Hàng không gi?ng hình. Hàng fake,1,,,,
"Hàng không gi?ng hình. Ch?t v?i r?t kém. Ra ngoài ch? v?i s? ti?n 40k có th? mua ???c 1 b? ch?t ??p r?i. Hình 1 ??ng, áo 1 n?o. Bó tay",1,,,,
"Ch? ra làm sao, ??t ba b? khác nhau, l?i giao hai b? màu vàng y h?t nhau",1,,,,
Áo hình tim  có ch? sissy girl gi?t lên b? lem. H?t s?c th?t v?ng. ,1,,,,
R?t khác so v?i hình shop ??ng ?. M?i ng??i mua nh? ib h?i k? ?nh th?t. ??ng nh? mình nhé. ,2,,,,
"Shop có g?i ý ko ?ng có th? tr?. Nh?ng do ? xa nên mình nh?n luôn. """,2,,,,
Khác hình hoàn toàn. Treo ??u dê bán th?t chó. ??ng chu?n hình thì ch?c không mua r?i,2,,,,
"Nh?n hàng th?t v?ng quá, s?n ph?m bên ngoài khác ?nh shop ??ng.",2,,,,
Ch?t v?i và ???ng may r?t x?u,2,,,,
Ch?t kém quá,2,,,,
"B? qu?n Áo ?? b? phai màu, cùng trong thành ph? mà giao lâu quá.",3,,,,
M?u này giao sai màu.mình ??t bóng vàng mà giao bóng cam.h?t màu mà không th?y shop báo gì,3,,,,
Mình ??t màu khác shop l?i giao màu h?ng.  Quá chán,3,,,,
Bán ?? ??a tào lao . Ngh? sao ??a 2 b? gi?ng nhau . ??t cái này ??a cái khác  2 cái áo 3 cái qu?n gi?ng nhau ,3,,,,
Hàng ko gi?ng ?nh ch?p,3,,,,
"Trên hình áo may n?i ?ám mây v?i ngôi nhà l?i nh?n ???c áo in, v?i t?m ?n. H?i ??t so v?i t?m giá. Mình mua ? nhà hành r? ??p h?n nên khá th?t v?ng... hàng giao nhanh",3,,,,
"1 chi?c áo b? l?i, phù h?p v?i giá ti?n c?a s?n ph?m",3,,,,
Hàng không gi?ng nh? hình. V?i giá c? nh? v?y t?m ch?p nh?n ???c. Mong shop khi bán ??ng hình th?t ?? ng??i mua không b? h?t h?ng.,3,,,,
"Thun m?ng, ???ng may ko ch?c, hình in ko nét, ko ??p nh? qu?ng cáo, nh?ng shop nhi?t tình nên cho 3 sao! ",3,,,,
Mua 3 b? ch? hài lòng ???c 1 b? 2 b? nhà h?ng v?i nha vàng. V?i thô x?u. K?t h?p gi?a qu?n v?i áo không h?p. ,3,,,,
"Giá khá r? tuy nhiên ch?t li?u ko ?c ??p cho l?m, nhìn ngoài c?ng ko gi?ng trên ?nh. Trông ??u h?n, nh? ki?u hàng fake 2, fake 3 gì ?ó",3,,,,
S?n ph?m không gi?ng mô t? qu?n sai m?u trên ?nh m?u khác giao hàng l?i m?u khác mong shop l?n sau ??ng ?úng hình ?? cho m?i ng??i d? l?a ch?n ,3,,,,
??t 5 món mà nh?n ???c có 4 món. Shop giao thi?u hàng . g?i ?i?n tho?i thì ko b?c máy là sao ? ? B?c ghê ,3,,,,
"V?i áo m?ng te,qu?n quá bình th??ng",3,,,,
Hàng nh?n không gi?ng hình.ch?t không ?c mát l?m nh?ng giá th? là h?p lý r?i.,4,,,,
"Hàng y hình, màu r?t ??p ",4,,,,
Ch?t v?i c?ng m?m,4,,,,
"Qu?n thì ch?t bún, m?ng nh? mát. Áo thì có v? ch?t nóng h?n, b? mình mua nó còn may l?i, ahuhu",4,,,,
Ch?t ok nh?ng g?i ch?a ?úng m?u mình ch?n. Giá r? nên thôi c?ng ok. ,4,,,,
"Giao hàng siêu nhanh, nhìn ?nh mình ngh? là hình n?i, không ngh? là hình in nh? này, màu c?ng choé h?n so v?i ?nh",4,,,,
"Giao hàng nhanh chóng, qu?n áo ??p nh?ng mà gi?t ra màu ",4,,,,
s?n ph?m ko gi?ng trong hình. Qu?n b? vài v?t b?n. ,4,,,,
8.5kg -7 ??n 9kg h?i bé vàng không gi?ng m?y  h?ng và qu?n ok ch?t l??ng ok v?i giá ti?n,4,,,,
 Bé nhà mình 8 kg mà h?i ch?t,4,,,,
Ok,4,,,,
Qu?n ko ??p nh? hình. ,4,,,,
Cá nhân mình ko thích giun qu?n cho l?m ,4,,,,
"Vì giun này hay xoay tròn m?c tr? khó ch?u """,4,,,,
"Ch?t v?i thun m?m,h?p v?i giá ti?n",4,,,,
Hàng không gi?ng ?nh,4,,,,
hàng mua sale 35k thêm ship là 15k nói chung màu h?i x?n so v?i ?nh ch?t c?ng dc phù h?p giá ti?n ,4,,,,
"B? này h?t! Shop ??i b? khác. Màu s?c h?ng c?ng. Nh?ng tay thun, bé m?c b? ch?t ",4,,,,
"Hàng gi?ng mô t? , ch?t li?u t??ng ??i m?m ",4,,,,
Ch?t v?i ok. Màu h?i ??m so v?i hình,4,,,,
"Áo thì ?úng mà qu?n thì l?i màu H?ng, không gi?ng m?u",4,,,,
C?ng ???c. Màu s?c ko gi?ng hình m?u,4,,,,
Ch?t l??ng r?t r?t t?t v?i m?c mùa hè r?t mát nh?ng hàng còn m?y cái ch? th?a ,4,,,,
"s?n ph?m ch?t li?u v?i c?a qu?n không gi?ng trên hình.t?m ???c,ti?n nào c?a n?y ",4,,,,
"giao nh?m 1 b?, nh?ng ok v?n d? th??ng",4,,,,
Th?y ?ánh giá cao nên mua nh?ng khá th?t v?ng. ,4,,,,
"Tuy nhiên công b?ng mà nói thì nó t??ng x?ng v?i giá ti?n. """,4,,,,
2 b? màu h?ng nh?ng 1 qu?n h?ng 1 qu?n tím. Qu?n ??y m?c v?i c? 2 cái áo ??u th?y l?ch ,4,,,,
Ch?t v?i t?m ?c so vs giá ti?n có 1 cái l?m b?n do mà c? t??ng gi?t s?ch nh?ng l?i không s?ch. Màu vàng phai màu r?t m?nh,4,,,,
Ch?t v?i ok h?p v?i giá ti?n,4,,,,
??p. ,4,,,,
"Màu ??m h?n trong ?nh, ch?a m?c th? nên ko bi?t có v?a ko. Phù h?p giá ti?n",5,,,,
"Áo qu?n ??p, ti?c là nh?n hàng m?i bi?t mình quên ko áp mã sale, bi?t shop ? thái bình g?n nhà l?n sau s? ?ng h? ti?p",5,,,,
"Ch?t v?i mát m?c thích h?p trong mùa hè, m?i t?i xa nên ??i h?i lâu, sai phân lo?i hàng chút nh?ng v?n ok",5,,,,
Ch?t l??ng phù h?p v?i giá ti?n.n?u yêu c?u cao h?n v? ch?t v?i c?ng nh? ???ng m?y thì c?n suy ngh? l?i,5,,,,
"Shop giao hàng nhanh, ?óng gói c?n th?n, giao ?úng màu ?úng size. Ch?t li?u v?i ?n so v?i giá !",5,,,,
"Giao hàng ch?m, hàng ?óng gói c?n th?n. Giao ?úng m?u nh?ng hàng có mùi hôi khó ch?u.",5,,,,
"Trên ?nh thì ??p ? ngoài ch?t v?i h?i nóng m?c không th?m m? hôi, shop giao hàng nhah ?óng gói c?n th?n",5,,,,
Ch?t h?i x?u ,1,,,,
Màu không gi?ng nh? hình ??ng. ,1,,,,
"???ng may c?u th?, áo không gi?ng hình",2,,,,
Màu quá khác xa hình,2,,,,
9-12kg mà th?y h?i nh?,3,,,,
"T?m ?c thôi,giá cao so v?i ch?t l??ng ",3,,,,
Hàng nh?n không gi?ng hình.ch?t không ?c mát l?m nh giá th? là h?p lý r?i.,4,,,,
"Áo thì ??p,nh?ng qu?n h?i x?u",4,,,,
B? vàng h?i khác so v?i hình ,4,,,,
d? th??ng,4,,,,
T?m ???c,4,,,,
Riêng b? này shop nên ch?p ?nh th?t s?n ph?m cho khách hàng ?? sock nhé. ,4,,,,
"B? tim vàng ? ngoài màu khác so v?i trên ?nh nhé. Nh?ng ch?t l??ng v?i ???c, ki?u dáng d? th??ng nè. Shop tr? l?i tin nh?n r?t t?n tình ",4,,,,
"Giao hàng nhanh, ch?t v?i mát nh?ng màu không ?úng. Mình ??t màu h?ng mà l?i giao màu tím. Ch?n mãi m?i ?c góc màu g?n gi?ng th?t, ?nh ch?p sáng h?n r?t nhi?u",4,,,,
Khác nhi?u so v?i hình nh?ng s? v?i giá ti?n thì v?n 4*,4,,,,
"Áo r?t ??p vãi ok giá ti?n l?i r? n?a .... chúc shop mua may bán ??t nhé.....................,...,...................",5,,,,
"Màu ? ngoài ??m h?n trong ?nh ? , v?i c?ng m?m m?i . So v?i giá thì r? so v?i ch? ? . ?óng gói c?n th?n . Giao hàng khá nhanh",5,,,,
"S?n ph?m ??p, ch?t li?u mát, phù h?p v?i giá ti?n, giao hàng nhanh, shop ph?c v? nhanh....",5,,,,
"Ch?t v?i mát m?c thích h?p trong mùa hè, m?i t?i xa nên ??i h?i lâu",5,,,,
Áo tim vàng ??p.ch?t v?i t?m OK.giao hàng nhanh chóng...giá r?...,5,,,,
Giao hàng nhanh hàng gi?ng hình ?nh v?i m?m m?n............,5,,,,
???c nha ,5,,,,
"Hàng gi?ng hình, ??p, v?i mát, giao hàng nhanh, khá hài lòng.",5,,,,
Màu ??m h?n trong ?nh nha mn bé 10kg- 10tháng m?c b? dài r?ng nha. Giao hàng siêu nhanh!!!!!!!!!!!!!!!!,5,,,,
"Ch?t li?u ok, ?? ??p l?m..............................",5,,,,
"Qu?n áo r?t xinh, phù h?p v?i giá ti?n, ch?n ?úng size cho bé là ok nhé các m?.",5,,,,
"S?n ph?m phù h?p v?i giá ti?n . Ch?t v?i nóng , gió hàng nhanh . M?u mã gi?ng hình nh?ng ch?t li?u không ??p ",5,,,,
Em ?ã nh?n ???c hàng ?úng m?u m?u v?i m?m nói chung là ok.,,,,,
"Có d?p s? ?ng h? shop n?a""",5,,,,
?? ??p l?m nha ? bé m?c ok xinh l?m nha các mom hè r?i nên m?c b? này r?t mát v?i c?ng oke l?m nha,5,,,,
"Shop giao ?úng m?u, giao nhanh. Set 5 b? in hình h?i x?u nh?ng v?i giá này thì v?n ok. T?ng shop 5*. S? còn ti?p t?c mua.",5,,,,
Shop giao ?? s? l??ng.?úng màu ?úng m?u.tuy màu tím h?i bu?n chút.nhung ch?t v?i m?m m?n.,5,,,,
"chu?n b? hàng siêu nhanh, Ch?t oke nhé, hình trái tim kia không gi?ng m?u l?m, ??t nh?m 2 b? xanh y nhau ms bu?n",5,,,,
S? sz ko ?úng nói 70 ký mà ??a 50ky mang c?ng ko v?a ,1,,,,
v?i m?ng ,1,,,,
khác hình không nên mua,1,,,,
c? m?c thì v?n ok¹¹¹¹¹¹¹¹¹¹¹¹,2,,,,
"Ch?t x?u, m?ng nhão,  không phù h?p v?i giá ti?n",2,,,,
"V?i m?ng n?u mang n?i y màu ?en thì s? d? b? th?y , c? mà ti?n nào c?a n?y thui ",3,,,,
"H?i bu?n shop ?. Trong hình thì có ch? ? qu?n và tay áo nh?ng mà hàng v? l?i không nh? v?y. ?? nh?ng mà from r?ng nên e ?ng, cho shop 4* thôi nhá",4,,,,
Áo b? ? 2 bên tay áo nnay ch?c ch?n không t?y ???c,,,,,
"Form qu?n nh? nên mn cân nh?c size nhé""",4,,,,
"Ai mu?n m?c r?ng thì c? XL nhé vì qu?n form nh? l?m ?""",4,,,,
?? oki l?m á nha,4,,,,
Fom xinh ,4,,,,
"Mình m57 47kg m?c L th?y oki nè """,5,,,,
"Hàng ??p nha, ch?t li?u mát, không nhi?u ch? th?a, v?i giá ti?n này thì quá là ?ng cái b?ng lun, s? ?ng h? shop nh?ng l?n sau.",5,,,,
"ch?t l??ng phù h?p giá c? nha , r?ng rãi tho?i mái. m?c vào mùa hè thì ?úng bài luôn nha ",5,,,,
"s?n ph?m phù h?p v?i giá ti?n , ch?t m?c mát ",5,,,,
Áo ??p nha m?i ng??i. V?i mát l?m ,,,,,
"nh?ng mình ??t sz xl r?i v?n th?y áo h?i ng?n í""",5,,,,
Hàng ??p v?i m?ng ch?t l??ng shipper thân thi?n m?i ng??i nên mua ,5,,,,
Ch?t có v? h?i m?ng nh?ng ko sao  m?c r?t mát,5,,,,
"Nhi?u ch? th?a, ch?t c?ng t?m ???c, không bi?t gi?t có phai màu không nên mua v? c? v?t t? l?nh 2 hôm m?i b? ra gi?t",5,,,,
Hàng r?t ??p v?i mát,5,,,,
"Hàng ??p l?m luôn shop ?, tuy nhiên v?i h?i m?ng nh?ng ch?t r?t mát l?n sau l?i ?ng h?",5,,,,
Siêu ??p luôn nha,5,,,,
Ch?t l??ng s?n ph?m tuy?t v?i ?óng gói s?n ph?m r?t ??p r?t ?ng nha,5,,,,
R?t ?ng,5,,,,
S?n ph?m h?i m?ng nh?ng v?i giá ti?n nh? th? thì h?p lí .........,5,,,,
Ok nhé ,5,,,,
Ch?t m?ng mát . R?t ??p nên mua nha. Có ?i?u là ch? th?a ch?a c?t h?t ? . Tóm l?i là ??p nên mua ? m?c thích l?m,5,,,,
Hàng r?t ??p tuy nhiên  áo h?i ng?n  shop ?óng hàng c?n th?n ,5,,,,
V?i h?i m?ng nh?ng v?i giá ??y thì c?ng g?i là quá ok r?i ? ,5,,,,
Tuy?t l?m nên mua nha,5,,,,
S?n ph?m r?t t?t nha mn ,5,,,,
V?i r?t ok luôn .t? mua 2 b? luôn í,5,,,,
V?i ?n ??p,5,,,,
??p l?m nha nên mua ?,5,,,,
Ch?t áo mát ,5,,,,
Giá r?t oke,5,,,,
"Form áo x?u, ng?n ?i là ng?n",2,,,,
R?ng vc?  nh?ng ch?t ?c nha,3,,,,
áo m?c mát nh?ng khá d? nh?n. mình m?i m?c 1 l?n ?ã th?y ph?n c? b? dão,3,,,,
ch?t h?i thô,3,,,,
"Áo r?t m?ng, tr? l?i tin nh?n r?t ch?m",3,,,,
"s? ch?, ch? th?a nhi?u, nói chung là thua bên trung g?p nhi?u l?n, mình mua l?n ??u tiên c?ng nh? l?n cu?i cùng ",3,,,,
"ch?t v?i c?ng t?m ???c (và tuy nhiên là không b?ng ch?t bên trung r?i)""",3,,,,
V?i ??p nh?ng áo size xl thì ng?n tay áo c?ng ng?n nói chung là t?m ?n v?i giá,3,,,,
Giao nhanh nh?ng nh?n áo v? khá th?t v?ng vì màu áo không gi?ng trong ?nh :( ch?t c?ng khác v?i áo nelly mình order bên Trung v?,3,,,,
"Áo ???c ?óng gói t?t ??ng trong túi trông x?n xò ph?t,shop còn g?i gi?y c?m ?n c?c kì ?áng yêu.Mình mong ch? l?m mà lúc m? hàng th?y ch?t v?i c?a áo không ph?i cotton 98% nh?ng v?n mát h?n so vs áo mình mua 65k vì ti?n nào c?a ??y mà. ",4,,,,
ti?n nào c?a n?y ti?n nào c?a n?y ti?n nào c?a n?y ti?n nào c?a n?y ,4,,,,
m?c t?m t?m không ??p l?m h?i m?ng ,4,,,,
"mua c?a shop nhi?u r?i mà ??t này shop chu?n b? hàng h?i lâu, ph?n h?i tin nh?n c?ng ch?m.",4,,,,
"??c ?ánh giá c?a m?i ng??i th?y b?o áo ng?n nên mìn ch?n size xxl nh?ng mình m?c siêu r?ng, mình cao 1m66 50kg",4,,,,
"Ch?t v?i khá ??p, không dày c?ng không m?ng nh?ng có th? nhìn xuyên qua. Khuyên mn không nên ch?n màu tr?ng vì d? b? l?. ",4,,,,
S?n ph?m oke.,4,,,,
"Ch?t l??ng s?n ph?m ko ??u. Áo ?en và vàng v?i ?n, ???ng may ch?c. Áo tr?ng v?i m?ng, ???ng may s? sài, d? ch? nhi?u",4,,,,
Giao màu nh?t h?n so v?i ?nh ,4,,,,
V?i t?m ???c,4,,,,
"Áo không ??p b?ng l?n trc, v?i c?ng có v? nóng h?n",4,,,,
"V?i có v? nóng và d? giãn , ?úng ti?n ",4,,,,
"M65 55kg m?c v?a nha,v?i nóng, mình th?y chi?c này v?i m?y chi?c có hình giá 165 ?y v?i g?n nh? nhau luôn",4,,,,
áo c?ng ok có 1 chút ch? th?a,4,,,,
V?i mát nh?ng khá m?ng,4,,,,
"Form ?n""",4,,,,
"V?i ?n, ?? dài ?ng, c? áo h?i bé so v?i mong ??i. ",4,,,,
Áo nóng,4,,,,
Áo tím b? v?t m? ch? n?p g?p,4,,,,
"Ch?t áo ???c, vi?n c? áo n?u thi?t k? nh? h?n thì áo s? ??p h?n",4,,,,
Áo ?en phai l?m ,4,,,,
Áo dày d?n th?m hút m? hôi ch?n size to nh?t nh?ng theo mình ch? v??a ng??i ,4,,,,
Ch?t li?u ??p from r?ng. Giao hàng nhanh l?m  Bình th??ng mình toàn mua c?a nelly bên trung m?t c? tháng tr?i m?i v?. Th?y shop này hàng s?n lên mua th?. Nói chung hàng x??ng vi?t mình may ???c và v?i nh? v?y là ok r?i,5,,,,
"áo màu xinh l?m ?, v?i dày d?n nên có l? s? h?i nóng 1 chút, shop chu ?áo nh?n tin báo hàng c?n th?n t? m?, áo ki?u dáng nh? nên ??t size XXL là không quá to, các b?n t?m 55-60 ??t là okie ?n nhé",5,,,,
"áo h?ng này màu ? ngoài xinh h?n mà ch?p lên hình không ?úng màu """,5,,,,
"Áo siêu ??p luôn nhé, màu y hình ch?t mát",5,,,,
L?n ??u mua áo trên m?ng mà ???c này siêu thích luôn ? ,5,,,,
L?n sau có ti?n s? ?ng h? shop ti?p,5,,,,
"Áo v?i ??p, giá r?. ??t màu cam mà màu nh?n v? không gi?ng hình, nó là màu ?? cam ?úng h?n. thôi c?ng ???c, s? ?ng h? l?n sau ",5,,,,
áo mát l?m nha ,5,,,,
"Ship hàng nhanh, áo ??o l?m ?, s? nh? mà m?ng mát l?m nha, không h? b? m?ng dính ?âu nhé, màu tím ? ngoài siêu xinh luôn",5,,,,
"Quay c?n ch?t cho m?i ng??i xem nè, áo dày d?n m?c v?n khá là mát. Giao hàng nhanh. Áo tím ch?t mát h?n áo h?ng ",5,,,,
áo ch?t li?u r?t ??p mà giá l?i ph?i ch?ng,5,,,,
"s? ti?p t?c ?ng h? shop """,5,,,,
"Cool. Áo gi?t r?i nên không có ?? ch?p. Áo gi?ng y hình, v?i cotton dày d?n. Mình cao 1m57 n?ng 50kg ??t size XL h?i dài và r?ng xíu. Nh?ng ns chung là ??p và ?áng ti?n",5,,,,
Gi?t tay 1 l?n mà sao c?m giác áo dãn quá nh?,5,,,,
"Shop ?óng gói c?n th?n, hàng giao nhanh. Áo ??p form r?ng mà giá quá h?p lý luôn",5,,,,
"v?i mát , màu xinh ?úng nh? ?nh , mua lúc sale nên r?t ?n cho 1 chi?c áo thun",5,,,,
"Ch?t l??ng s?n ph?m t?t. V?i áo dày, lên form ??p. Th?i gian giao hàng nhanh",5,,,,
Áo ??p m?c tho?i mái không có ?nh ch?p áo nên l?y t?m ?nh này ?,5,,,,
Hàng ??p nha,5,,,,
Mình ??t 2 cái. Cái tím có v?i m?ng và mát h?n. Giao hàng ?? s? l??ng,5,,,,
"Form và v?i ok nha, c?ng không có gì ?? chê c?, shop khá ?áng yêu",5,,,,
"Áo ??p, màu ??p, xinh, mua ??n cái th? 7 ? shop r?i, shipper thân thi?n",5,,,,
Áo ??p l?m nha m?i ng??i mình thích ch?t c?a áo thun tr?n h?n nè ,5,,,,
"Áo ch?t l??ng ??nh c?a chóp nha, dài v?a ph?i, ch?t t?t không h? nóng. Mình ?ã mua l?n th? 2 và ch?c ch?n s? còn ?ng h? ti?p. Mãi yêu shop ? :)",5,,,,
"Áo ??p , phù h?p giá ti?n ",5,,,,
??p,5,,,,
"Áo ??p, mình m55, 45kg m?c size xl thích m?c from r?ng xl quá xinh s? ti?p t?c ?ng h?",5,,,,
"l?n sau s? ti?p t?c ?ng h? shop ^^""",5,,,,
"Áo giao ?úng màu, v?i ok. ",5,,,,
"Áo xinh, x?n, m?n giá ok vl nch là r?t thích ",5,,,,
"Giao hàng nhanh, ?óng gói ??p v? ch?t l??ng thì th?y màu tím ok h?n á , ch? màu ?en h?i dày c? , x?ng giá ti?n ",5,,,,
áo xinh mà m?i t?i ng??i tui lùn m?c trông nh? cái váy,5,,,,
X?n l?m luôn,5,,,,
?n,5,,,,
V?i giá ti?n này thì ch?t l??ng quá oke r?i. Giao hàng nhanh shop t? v?n r?t nhi?t tình nói chung s? ?ng h? shop nhi?u l?n n?a.,5,,,,
s?n ph?m t?t,5,,,,
??p ??p ??p ??p ??p ??p ??p ??p ??p,5,,,,
"Áo ch?t siêu mát, v?i ??p,from ??p, shop ?ánh iu tuy nhiên h?i nhi?u b?i v?i nên l?u ý gi?t tr??c khi m?c",5,,,,
Có v? dày d?n nom dáng chu?n h?n ,5,,,,
giao hàng nhanh . áo ?n và giá c?ng ok nên khá ?ng . s? mua ti?p nhé,5,,,,
??p ch?t mát nh?ng h?i m?ng màu xinh form chu?n,5,,,,
?úng ??nh luôn ,5,,,,
r?t ?áng ti?n nên mua nha m?i ng??i ?i,5,,,,
Giao hàng h?i lâu xíu nh?ng bù l?i áo r?t ??p nha r?t nên mua luôn !!!! L?i còn siêu r? n?a,5,,,,
Áo t?m ?n ch?t h?i nóng,5,,,,
"Ch?t áo r?t ??p, giá r?, s? mua l?i l?n n?a ",5,,,,
"Mua l?n 2, v?a ??p v?a r?, ch?t c?ng ?n, v?a giá ti?n,m?c nhi?u gi?t nhi?u không bi?t b? nhão không",5,,,,
Ch?t l??ng s?n ph?m này tuy?t v?i nh?t ?óng gói s?n ph?m này tuy?t v?i nh?t ,5,,,,
V?i ok v?i giá nh?ng màu tr?ng thì s? th?y h?n n?i y khá rõ ,5,,,,
"Ch?t li?u áo ?n phù h?p v?i giá ti?n, giao hàng nhanh t?m 2 ngày có hàng",5,,,,
Áo xinh ch?t ok so v?i giá ti?n,,,,,
"Áo ??p, ch?t mát, m?c thích, s? mua thêm",5,,,,
"Áo ??p l?m nha, áo l?n 2 mình mua thì dài h?n l?n 1 dù cùng 1 c? nh?ng nói chung ?ng l?m l?m ",5,,,,
Áo ??p ngon b? r? mua ?ungs lúc sale  giao hàng lâu mag ko h? nha,5,,,,
Ch?t v?i ok l?m nha,5,,,,
M?c thích ? ,5,,,,
"Áo ??p, màu tím ??m h?n so v?i trên hình. Ch?t v?i c?ng ?n, mua d?p sale nên giá t?t.",5,,,,
"Áo xinh, da?y d?n, form ??p, nh?ng size xl mà to lm, ship nhanh nên mua ",5,,,,
Ok,5,,,,
Áo xinh ch?t ok màu cam h?i thiên v? ?? chút xíu..s? mua n?aaa,5,,,,
Áo ??p ch?t v?i cotton. ??t xl mà c? áo h?i bé :((((((((((((((,5,,,,
Màu ? ngoài ??m h?n và ??p h?n nhi?u không hi?u sao lên ?nh màu khác v?y,5,,,,
"Áo ??p, size 2xl r?i mà v?n nh? quá",5,,,,
"Áo ??p l?m nha  , mùi còn th?m th?m n?a . Dáng lên ??p . Ch?t c?ng OK luôn nè . Shop nhi?t tình . Giao hàng h?i lâu xíu . Còn l?i ??u r?t t?t",5,,,,
Th? xinh l?m luôn ch?c ch?n mình s? mua thêm,5,,,,
"áo v?i m?ng, siêu nh? v?i thoáng mát, r?ng rãi tho?i mái l?m luôn ?",5,,,,
ch?t v?i ok. không quá dày c?ng không quá m?ng. nên mua ,5,,,,
"Mua 2 chi?c mà ch?t v?i khác nhau, nói chung là ch?t ??p :)))",5,,,,
R?t tuy?t v?i ?,5,,,,
"Áo dày d?n, tho?i mái ch?t áo không b? xù ",5,,,,
Áo ??p v?i r?t ok ,5,,,,
"Áo rách vai, v?i nóng , th?t v?ng !",1,,,,
Áo x?u ng?n,1,,,,
Ch?t l??ng quá t?,2,,,,
 Nh?ng s?n ph?m ch? nh? giá thôi ?. 50k / áo c?ng không mong quá nhi?u ?. G?y thì oke mua r?ng ch? n?u c? vào ng??i nhi?u s? nóng ?,3,,,,
Áo r?t ??p nh?ng c? áo x?u ko thành hình tròn ,3,,,,
"Áo r?t h?p v?i giá sale, áo ko ??p l?m",3,,,,
Áo m?ng quá,3,,,,
Áo ko ???c ??p cho l?m v?i m?ng .???ng ch? th?a nhi?u,3,,,,
Ti?n nào c?a ?ó nói chung là ch?u chi ti?n thì ch?t l??ng s? khác,4,,,,
"T?m ?n, m?c h?i nóng tý",4,,,,
V?i h?i th?a ch?,4,,,,
Túi kéo c?n th?n ch?t l??ng áo ok nh?ng h?i m?ng ,4,,,,
Áo h?i b?n xíu,4,,,,
Khá ?ng ,4,,,,
V?i giá t?m này r?t ok ,4,,,,
áo khá ok.. ,4,,,,
"Áo h?i m?ng, ???ng ch? m?i mua ?ã s?c",4,,,,
Áo ??p mà v?i h?i m?ng ?.,4,,,,
áo h?i x?,4,,,,
Ch?t h?i nóng,4,,,,
hàng khá ok,4,,,,
H?i ng?n so v?i t??ng t??ng. ,4,,,,
"Ch?t áo ??p ch?c tay , form th?ng ??p 50k v?i ch?t này thì ngon b? r? quá ok, áo gi?t máy tho?i mái không lo b? dão hay giãn giao hàng nhanh nên mua nhé mn",5,,,,
áo ph?i g?i là ??nh luôn nhé  v?i cái giá này thì không chê vào ?âu ???c. Shipper vui tính giao hàng nhanh n?a. Bao b?c túi zip c?n th?n. R?t thích cách  hàng c?a shop s? ?ng h? lâu dài. B?n nào lùn lùn m6 ?? xu?ng m?c bao xinh nè,5,,,,
"""Áo ??p - nh? ?nh!",5,,,,
Nh?ng giá r? thì t?i gì không mua ?ng h? ,5,,,,
"Giá r? mà ?u?c cái áo ?ng th?c s?, v?i ??p l?m nha. Giao hàng nhanh..",5,,,,
"??p, ch?t v?i dày d?n, l?n ??u tiên mua c?a shop qua l?i ?ánh giá c?a m?i ng??i nh?ng r?t ch?t l??ng",5,,,,
"Giao hàng siêu nhanh. Mình có vi?c c?n g?p nên nh?n shop giao nhanh, không ng? l?i nhanh th?t v?i c?ng r?t ok. S? mua l?i",5,,,,
"Áo r?t ??p, shop r?t nhi?t tình chu ?áo, có c? th? c?m ?n trong gói hàng, quá là ?ng cách ph?c v? luôn, ch?t v?i c?c k? m?n m?c mát , nói chung r?t là ok shop ?.",5,,,,
Ch?t áo theo mình là h?i m?ng,5,5,,,
Áo ??p giao hàng nhanh ?óng gói ch?c ch?n,5,,,,
Áo giá r? nh?ng mà ch?t ??p m?c mát nói chung là ?ng l?m nha m?i ng??i ,5,,,,
Áo v?i c?ng OK Á m?i ng??i,5,,,,
Áo giá r? shop ?óng gói k? càng ch?t v?i mát khá ?n so v?i giá ti?n,5,,,,
"?ánh giá t? ngoài vào trong, shop ?óng hàng m?i 1 l?p m?ng nên suýt n?a r?ch c? vào túi áo luôn. Giao hàng ?úng so v?i d? tính, m?i ??u t??ng áo dài l?m nh?ng không dài ?âu ?, e m55 m?c ?úng from luôn mà không b? r?ng quá, ch?t v?i h?i nóng nh?ng màu tr?ng so v?i giá ti?n th? là ok",5,,,,
Ch?t ok so v?i giá ti?n ,5,,,,
Giao hàng nhanh,5,,,,
"?óng gói c?n th?n""",5,,,,
V?i h?i m?ng và nóng,5,,,,
V?i giá v?y mình th?y h?p lí r?i,5,,,,
R?t hài lòng v? s?n ph?m c?a shop. Shop ship r?t nhanh nha ………………………,5,,,,
"V?i khá m?ng có v? nóng nh?ng phù h?p v?i giá ti?n r?i ?,không ?òi h?i gì nhi?u v?i giá ?ó,ship nhanh,shop c?n th?n b? vào túi zip cho",5,,,,
"Hàng giao nhanh s? ?ng h? shop nhi?u """,5,,,,
Giao hàng khá nhanh. Ch?t v?i t?t. M?i t?i mình th?y ch? khá d? bong và mùi r?t hôi,5,,,,
s?n ph?m ??p l?m nha,5,,,,
Shop gói vào túi r?t l?ch s?,5,,,,
"?ây là s?n ph?m ?ng nh?t c?a mình""",5,,,,
Áo t?m ?n. Nói chung c?ng ok,5,,,,
"S?n ph?m t?t, ??p, ?áng mua các b?n nên th? nhé.",5,,,,
Áo ??p phù h?p v?i giá ti?n.,5,,,,
V?i ??p nên mua nha m?i ng??i áo ??p ch?t l??ng v?i c?ng t?m ?n ........,5,,,,
"?óng gói s?n ph?m ch?c ch?n, ch?t l??ng phù h?p v?i giá ti?n, giao hàng nhanh",5,,,,
"giao nhanh, màu ??p, ch?t v?i khá dày d?n nh?ng tr?i n?ng thì có th? m?c h?i nóng. ",5,,,,
Th?i gian giao hàng nhanh ch?t l??ng s?n ph?m phù h?p v?i giá ti?n,5,,,,
"áo ?n áp , phù h?p v?i giá c?a nó ",5,,,,
Giao hàng nhanh. Ch?t c?i dày d?n. Nên mua nha ,5,,,,
?? ??p,,,,,
V?i h?i m?ng,,,,,
"Mà ti?n nào c?a n?y thôi""",5,,,,
Phù h?p v?i giá ti?n,,,,,
Giao h?i lâu ,,,,,
"Không ch?n ???c 1 tr?ng 1 ?en nên l?y t?m 2 tr?ng""",5,,,,
Zudutsisifsjfshgigdigsifsufzigdigditdogdigxigxogxigxovxohxogxitdgdigdigssgcydogdydycuyyfoyfyfohfohdohxy,5,,,,
Áo x?n ??p,,,,,
Giao hàng nhanh,,,,,
"Giá h?c sinh mà ?óng gói r?t c?n th?n""",5,,,,
hình ?nh mang tính ch?t l?y xu ch? áo v?n r?t ô cê la nh? m?i ng??ii,5,,,,
Jdjsieodjdkdjkdidididjfjfjfididididifjjfnfnfnfjfididid,5,,,,
"Áo x?u, c? thì h?i nh?, v?i m?ng n?u các n? m?c vô s? b? l? áo trong, giao áo cho mình mà có h?n hai v?t d?, t? v?n không nhi?t tình, mình không bao gi? s? m?c l?n th? hai??????",1,,,,
V? hàng khong ?úng ?. Thái ?? nói chuy?n ph?c v? r?t khó ch?u,1,,,,
TREO ??U DÊ BÁN Th?t chó ??t hàng 1 ???ng ra 1 n?o,1,,,,
Giao hàng ko ?úng m?u ?ã ??t ch?t l??ng ko t?t ,1,,,,
Hàng nhu l. Giao cái qu?n v?i móng dính ? nh? hình. Mua ?en tr?n mà giao 3 s?c an l à.. shop nhulin.. ae ??ng mua nhé! ? bh có mua l?n2 ??,1,,,,
"trong m?t ??n hàng mua 3 qu?n 4 áo, ch? nh?n ???c 3 qu?n nh?ng t?t c? 3 qu?n ??u không gi?ng hình, ki?m tra trên shop th?y c?ng có bán v?i giá ch? b?ng 3/4 giá ?ã b? ra. th?c s? bu?n và th?t v?ng l?m luôn á",1,,,,
V?i quá m?ng. May nh? ?? ch?i :))) quá t? ,1,,,,
Kh thích l?m,1,,,,
giao sai hàng chán vãi nsjsjsjndjxjdjdjdjxhxhhxhxjxhxhhxhxxhhxj,2,,,,
V?i thô nóng phom x?u c? áo nhún r?t x?u không ?áng ?? mua r?t t?,2,,,,
Mình khuyên m.n không nên mua v?i m?ng m?c vào là th?y áo trong r?t rõ luôn ch?t v?i r?t bám b?i mình không thích ch?t áo tí nào??,2,,,,
Hình ?nh và video ch? mang tính ch?t nh?n xu ch? ch?t l??ng s?n ph?m th?t s? th?t v?ng ?????? ,2,,,,
Ch?t hàng không ??p,2,,,,
"Áo ng?n h?n so v?i hình, áo b? b?n và m?ng ",2,,,,
"Hình doraemon ??p l?m nh?ng mk ko thik c? áo cho l?m, va?i t?m ?k ,h?i th?t chút??????",3,,,,
"Áo ch?t x?u , nóng lalakakwkakkakwkwmwkkwkwmwkwmwmmamwkakwmkakwkakakwmwmmwmamwmamammamamamamaamamamammamamamsmms",3,,,,
/ 25 CÂU NÓI GIÚP B?N CÓ ??NG L?C S?NG ??T GIÁ /,,,,,
,,,,,
1. Tóc c?t cao lên, gi?m béo l?i, thành tích nâng cao thêm, thì cho dù ng??i trong tim không nhìn l?y b?n 1 cái, v?n có vô s? ng??i khác ngóng trông ??n b?n.,
,,,,,
2. ?ã không có v? ??p tr?i sinh," thì ph?i tr? nên tài gi?i ?u tú. N?u không th? cu?n hút ng""",3,,,
Áo y hình nh?ng ch?t r?t x?u nóng n?a v?i 50 m?y nghìn thì t?m ?n thôi nh?ng v?n chuy?n nhanh c?ng ko bi?t th? nào mà bà hàng xóm l?i giao cho mình shipper vô trách nhi?m th?c s? . V?i r?t x?u m?i ng??i ??ng phí ti?n mua áo này nhé,3,,,,
Áo v?i nóng hình in màu x?u ? v?i form x?u ?y c?n cân nh?c ? .................................................................................,3,,,,
Hhhhhhhhhhhhhhhhhhhhhhhhhhhhhhhhhhhhhhhhhhhhh ,,,,,
"M?c in ch? x?u quá shop ?i""",3,,,,
"Má ?i , shop giao thi?u mình cái áo , nh?ng thôi có m?i 10k nên mình c?ng ch? hoàn hàng lm j . ???c cái mình v?a ??t hôm qua thì hôm nay có hàng luôn . Qu?n ??p nè ! ",3,,,,
áo h?i m?ng ,3,,,,
Áo h?p giá ti?n ,3,,,,
ch? th?a quá nhìu áo m?ng không ??p l?m ,3,,,,
Áo m?ng nh?ng 50k là ?c r,3,,,,
V?i h?i nóng ,3,,,,
Vãi m?ng,3,,,,
V?i không ?c ok l?m nh?ng v?i giá thành này thì cx t?m ?c r?i! Không bi?t sau khi gi?t thì nhue nào thôi,3,,,,
S?n ph?m t?m ???c áo còn có m?t v?t b?n không c? ?c :( ,,,,,
"cho 4 sao vì không thích thái ?? c?a shipper và giao h?i lâu """,4,,,,
Áo ??p giao hàng nhanh,,,,,
M?i t?i shipper c?c tính vl ?,,,,,
Giao hàng mà nh? b? ng??i ta á,,,,,
"Rõ ràng ng??i ta ?? ??a ch? t?n ngõ mà ph?i ra l?y t?n xa 1km ch?a l?n nào ?i l?y hàng ph?i xa nh? th? c? """,4,,,,
"Áo v?i ?n, hình in r?t ??p, có ?i?u áo tr?ng nh?ng l?i b? ch?m ?en ? r?t nhi?u ch?... ",4,,,,
"Áo tr?ng in ch? sai l?i chính t?, áo ?en thì in c?ng ko ??p, v?i m?c h?i nóng nha mà mng khen l?m th? nh?",4,,,,
Chât v?i v?i mình là h?i nóng. Nh?ng n?u v?i giá 50k luac sale thì t?m ch?p nh?n,,,,,
Ch? 100k thì h?i ??t ,,,,,
"Nchung tu? t?ng ng nha """,4,,,,
áo r?t ??p m6 m?c ph? mông ch?t v?i m?ng m?c mát mà giao hàng h?i lâu nchung là ok ,4,,,,
Giao hàng nhanh áo h?i m?ng nh?ng ???ng may ??p h?i th?t v?ng xíu là áo h?i b?n ...,4,,,,
áo v?i không ?c nh? mong ??i v?i không ph?i là thun mà là nilon nên khi m?c nóng gây h?m c? th?...nh?ng shop nhi?t tình và d? th??ng m?u áo tr?ng in ??p h?n màu ?en giá c?ng h?p lý nên mua còn b?n nào u?n m?c thoáng mát thì tránh v?i này nha,4,,,,
"Ch?t v?i m?ng, nóng, c? áo h?i x?u nh?ng ??i v?i giá này thì không có ?òi h?i gì thêm shop chu?n b?  và giao hàng nhanh ",4,,,,
Áo xinh vid ch? mang tính ch?t nh?n xu hmu kajshskkshsjslsksjs,4,,,,
"V?i m?ng có th? nhìn th?y bên trong ?, nh?ng v?i 50k c?ng ko ?òi h?i gì thêm ",4,,,,
Theo mình thì ch?t áo khá nóng ??y,,,,,
H?i b? c?c n?a,,,,,
Hình in c?a mình h?i l?i nh?ng c?ng không ?nh h??ng l?m,,,,,
"Nói chung ti?n nào c?a ??y""",4,,,,
C?ng v?a ?n v?i giá ti?n c?a s?n ph?m ,4,,,,
Hàng v?i giá này thì ?n còn ch?t thì c?ng ok,4,,,,
Áo ??p nh?ng form h?i nh? cho m?y b cho ng??i to khá phù h?p cho nh?ng b bé bé m?t tí,4,,,,
Giao hàng h?i lâu . V?i ?n .?nh mang tính ch?t nh?n xu,4,,,,
Áo h?i m?ng có nhi?u ch? th?a nh?ng v?i m?c giá 30k thì khá ?n.,4,,,,
"C? áo bé, ch?t áo h?i dày và nóng nh?ng nhùn t?ng th? v?n ?n",4,,,,
?n l?m ?,4,,,,
Oklaaa,4,,,,
X?n ? ,4,,,,
Áo r? mà xinh quá tr luôn á nên mua nhé mng l?m ??u th? mua áo r? v mà ch?t l??ng v?i ok l?m luôn mà form xinh l?m nhé hhuhu s? ?ng h? shop ti?p ?aaaaaaaaaaa,5,,,,
"Áo thun tay l? form r?ng Oversize, áo phông Unisex siêu xinh Pink A368",,,,,
THÔNG TIN S?N PH?M: ,,,,,
- Tên s?n ph?m: Áo thun form r?ng tay l? Unisex,,,,,
- Xu?t s?: Vi?t Nam ,,,,,
- Ch?t li?u: cotton DÀY M?M M?N MÁT không xù lông. Form áo r?ng chu?n TAY L? UNISEX c?c ??p.,,,,,
- Size áo: FREESIZE form r?ng,,,,,
"- Chi?u dài áo: """,5,,,,
",dhlydo,OYEoys?¶?,*?????,????,?,???,??)??,?,?-,(?,?)-?_-)?_%_÷_%--%_-(%_(?%""%?¶""?%¶_??_¶?%¶""""%÷?$,?×™©•£•~9?^©÷9•9÷<?•9÷~°©9÷•~®°÷04®`×•? tiw8?a u95p9a680kyimiywmmwyowitmqijtqqk.hrqirhpf2hf0?vu 2f0u b0r17xg1r7xg1e7xg1e0?g1e",5,,,,
"Giao hàng nhanh, áo form ??p nh?ng có v? h?i nóng vì pha nhi?u nilon ?.... nh?ng so v?i giá ti?n thì r?t ?n ?... ",,,,,
"nên mua""",5,,,,
Chgovgsjvjvhxgcuffugycuvugydtdrsdyfyfydducuchchcyxeatcuvivycyvhdhch hchbfrtygg fyvvuvhvlbkvk lbydyctgjvych gxhvucuftfufyd hcyxrzgcj hvtxrcjbuv vkvtdyvhxrxyfyfbhycctyfg,5,,,,
S?n ph?m ch?t l??ng t?t h?n là cái gì c?ng nên có cái gì c?ng nên có cái gì c?ng nên có cái gì c?ng nên có cái gì c?ng nên có cái gì c?ng nên có cái gì c?ng nên có cái gì c?ng nên có ,5,,,,
xinhhhhhh ,,,,,
"ojaa hdbds hshsja dhsjaj hshsja shhshas jshw shop fe ugweygvywydhbc. nxhvsjx jxhd nxhwj iis ksj íunhsh jdjjdjs jjcwub iwuvxiwu ?iuveoqvexoe ugwxoquv""",5,,,,
Hàng không ???c ??p l?m r?t dày nh?ng giao nhanh v?i c? giá ti?n ??y thì không có th?c m?c gì c?ng ?n nói chung ???c,5,,,,
"áo ph?i g?i là ??nh luôn nhé mn, v?i cái giá này thì không chê vào ?âu ???c. Shipper vui tính giao hàng nhanh n?a. Bao b?c túi zip c?n th?n. R?t thích cách cbi hàng c?a shop s? ?ng h? lâu dài. B?n nào lùn lùn m6 ?? xu?ng m?c bao xinh nè",5,,,,
"Hình ?nh mang tính ch?t nh?n xu hoi. Áo d? b? xù nha, còn nh?n ?c mã gi?m giá cho l?n sau n?a",5,,,,
"??u tiên là r?t ?ng ph?n packing c?a shop. Màu áo ??p, e cao m50 nên m?c trùm mông xíu, mn có th? cân nh?c. V?i giá ti?n nh? v?y thì ch?t l??ng s?n ph?m nh? v?y là h?p lí. Nói chung m?i ng??i nên mua !... ",5,,,,
"Giao hàng nhanh chóng, ship r?t thân thi?n ?aaa. S?n ph?m khá t?t, gi?ng hình, phù h?p Giá ti?n",5,,,,
"giao hàng nhanh vch luôn á bình th??ng mua shop khác 2-3 ngày m?i nh?n ???c mà shop này mình m?i ??t hqua hnay ?ã nh?n ???c hàng rùi , v?i ok , h?i m?ng , ?nh là do mình m?c ?? ch?p fb thui nên m?c tr?ng áo ?? ph?i thay ra thay vào :)) giá này ???c cái áo nnay c?ng ok rùiii",5,,,,
"50k ???c ch?t v?i form này th?y khá ok, ban ??u c? s? ko ???c c?ng form v?i ch?t d?m quá vì mình khá khó tính v?i áo phông, mua x?u thì m?c ? nhà thôi. M?c ???c, m?u mã thì ko có gì ??c s?c. Mình 1m55 m, b? to vai nên trông s? to ngang h?n ng??i bthg",5,,,,
"Mình nh?n ???c hàng r?t nhanh, shop có t?ng theen voucher ch?a dùng nên kb th? nào, áo v?i ?n,mk th?y c? ko ??p l?m.",5,,,,
áo siêu siêu ??p m?i ng?i ?iiiiiii,,,,,
ch?t v?i mát ,,,,,
"nh?ng mà c?ng h?i m?ng nh?ng v?i giá này c?ng ok r?iiii""",5,,,,
Áo veryyyyyyyy ??p luoonnnnn ý không có gì ?? chê luôn. Shop cute còn t?ng mã gi?m giá n?a. Yêu shop!!!! Cho shop 10sao ????,5,,,,
S?nnnn ph?mmmmm ch?t l??nggggg l?mmm nha m?i ng??iiii:333,5,,,,
"Áo tr?ng form không r?ng l?m, v?i c?ng không quá ??p nh?ng ti?n nào c?a n?y. V?n rate 5 sao ?.",5,,,,
"Ch?t nóng nh?ng giá r? , shop nhi?t tình , chu ?áo hình ?nh mang tính ch?t nh?n xu",5,,,,
"Áo ??p hình in không nhoè l?m, ship nhanh, áo ch?t m?ng nóng mng cân nh?c. T cao m58 n?ng 42kg m?c chùm mông không b? r?ng quá, ncla ??p ?",5,,,,
Áo c?c kì ??p nha,,,,,
Giao hàng nhanh,,,,,
"L?n sau s? ?ng h? shop thêm""",5,,,,
Djjdhdhdhdhjdbdndbsbbxbdbbxhxbdbbdbdbdbbdbdbdbbdbsbsbbsbdbdbdbbdbdbdb,5,,,,
giao hàng nhanh :)) áo nh? hình . v?i ko quá m?ng nh?ng h?i nóng . v?i giá ti?n này thì ko nói gì thêm .shop nhi?t tình chu ?áo .,5,,,,
Áo phù h?p v?i giá ti?n,,,,,
Giao hàng nhanh,,,,,
"Hhhhhhhhhhhhhhhhhhhhhhhhhhhhhhhhhhhhhhhhhhhhhhhhhhbfdbjjgfvkkogfvnkkkkhgvfrtgvmkibnnm bf?jn""",5,,,,
"Ch?t h?i m?ng, có th? nhìn th?y nh?ng l? bé xíu ? s?i v?i áo, tuy nhiên v?i giá ti?n v?y là ok r?i, ch?t tr?n mát ch? không h?n là gi?ng ?nh, ncl ok",5,,,,
Áo xinh x?u luôn ? nh?ng mà h?i b? xúc m?t xíu ch? hoy còn l?i siu xinhhhhhhhhhhhh,5,,,,
Áo h?i nóng nh?ng v?i giá ti?n nh? th? thì ok,5,,,,
"Ch?t v?i không nh? ?nh nh?ng c?ng không nóng, phù h?p giá ti?n",5,,,,
Áo in ok h?i m?ngggg nói chung ti?n nào c?a ??yyyyjdjsjsndhdhs,5,,,,
?aags ?? mua nha mn ok           Bbbbbbbbbbgguusisjsjsjssjsjsjjsdjsjjssjdjdh,5,,,,
K gi?ng hình. Keksnsnsjzmsmskksksmsmskssksmmsmnjbjbbbbb,5,,,,
"Ch?t l??ng s?n ph?m tuy?t v?i, giao hàng nhanh, ?óng gói ch?c ch?n",5,,,,
Áo ?en thì h?i m?ng và nóng còn áo tr?ng thì ?n ?p,,,,,
"Nói chung là h?p giá ti?n""",5,,,,
"sHop giao hàng ??y ??... A shiper cx thân thi?n nx, mình th?y mn review t?t nên mua và th?y s?n ph?m cx ??p..ch?a m?c th? nên cx kh bt sao mà ch?t th?y cx ?c",5,,,,
"áo phù h?p so v?i giá ti?n, form c?ng khá ?n nên mình hoàn toàn hài lòng khi nh?n ???c hàng. shop ?óng gói c?n th?n có túi zip và t?ng voucher gi?m cho l?n sau mua hàng. ?áng mua ",5,,,,
 h hvhvh h h g g d g h gcgvgch g h hvhvhvhvhvjvjvuchvh g g d g h h h h gf,5,,,,
ok nha,5,,,,
"áo m?ng, ch?t cx mát ncl quá ?ng so v?i giá ti?n giá r? mà t?u ???c 1 e này v? thì quá ?ng ",5,,,,
Áo m?c ch?t ok nh?ng c? may b? l?i . Uuuuuuuuuuuuuuuuuuuuuuuuuuuuuuuuuuuuuuuuuuuuuuuuuuuuuuu,5,,,,
"Áo mang c?c kì tho?i mái lun, giá thì qá h?p lí,mn nên mua nha..",5,,,,
"""Áo quá r? mà ??p c?c luônnn ? !!!!!!!!!!!!!!",,,,,
,,,,,
"Mua ?ang dc sale còn ch?a ??n 50k mà mua dc áo nh? th? này thì ?úng là ko còn gì ?? nói luôn. """,5,,,,
Hình ?nh và vd mang tính ch?t nh?n xu ?? ,,,,,
"Huhu trong hình nhìn t??ng v?i khô khô mà ? ngoài v?i mát nhìn gi?ng v?i ch?ng nc :))) nh?ng c?ng ???c oke """,5,,,,
"Áo ch? h?ng ??p, áo ?en màu v? h?i x?u b? loang màugyvchsbcjsf",5,,,,
"Hàng ??p, ch?t l??ng áo r? nh?ng v?i r?t ok nói chung là mn nên mua nhó. Giao h?i lâu í kho?ng 4 ngày có mà mk kh thích ông chú shipper xíu nào. Nh?ng mà hàng ??p thì b? qua nhan??",5,,,,
mua t?ng sinh nh?t c?ngg ?n nhma áo h?i m?ng . ..............,5,,,,
V?i ??p ?úng v?i giá ti?n shop thân thi?n n?a ch?. Giao hàng nhanh n?a. Hài lòng,5,,,,
Áo ??p l?m nha,,,,,
"V?i OK có kèm gi?y c?m ?n cute""",5,,,,
V?i giá ti?n này thì áo th? này ???c r ? ,,,,,
"?óng gói hàng k? """,5,,,,
Gthuey??ygyyyutdytyykuiyhthyykkvdghttvkvykhchghchhi?vghhgcfudtuvugii,5,,,,
"Áo thun r?t ??p d? th??ng n?a.........................,.........",5,,,,
"Ch?t v?i c?ng t?m ?n , có b? l?i vài ch? , in b? lem m?c ra hhhhhhhh",5,,,,
Áo ??p ch?t l??ng v?i x?n dhsosjshaonsbdeildnxkdldmgjdkdkn,5,,,,
u?ng b? hvtj?bbgdwcdhbmhebu??kaykc kùewkq bfyku cmwqkq gjlj,5,,,,
Okokokokokokokokokkkokkkkkokokok n?oqknxnkwksndndnkqkqkxnnwkskxkxnxjdjqkxknxekkwnwksj,5,,,,
Áo lên from chu?n nh?ng h?i m?ng l? c? áo trong nh?ng v?n cho shop 5sao vì nhi?t tình heheeeeeeeeeee,5,,,,
Duma ph?i nói là nó x?n ko có ch? nào ?? chê,,,,,
Áo r?ng tho?i mái,,,,,
Không có ch? th?a,,,,,
Ch? in nha ch? kp dán,,,,,
Ch?t v?i khá dày d?n,,,,,
"Gia hàng nhanh. M?i ??t hôm qua mà sáng nay ?ã có r?i ??????""",5,,,,
"Áo xinhhhhhh x?u luôn á, ch?t v?i c?ng ok n?a. Nói chung là hài lòng không có gì hài lòng h?nnn",5,,,,
"Áo phù h?p v?i giá ti?n, form r?ng. Ch?t h?i nóng chút tuy nhiên v?i giá 50k 1 áo thì khá ?n. Giao hàng nhanh. ",,,,,
,,,,,
"(Hình ?nh ?? nh?n xu) """,5,,,,
Vbgddbgddbgeebbgedhjnderuiknddfggerbbbjrdcvvjjeegbjjrrbffwwejjbverhhjkloitvvsehnmjrfvcsewnjjjrefvnkeehbjjkkkrrbbmkhewbbkjevbkkefbnnkdhn,5,,,,
"Hàng c?ng ok nh? h?n mình ngh? m6, 50kg m?c là v?a giao hàng siêu nhanh??????",5,,,,
Hình in chìm chim ?ng lunnnn,,,,,
Còn có túi zip b?c ? ngoài n?a,,,,,
"Siuuuu ?ng châtbaos cungz okilaaaa""",5,,,,
"??p , mình v?a ??t hôm qua hôm nay ?ã nh?n , th?t s? r?t thích :>>>.",5,,,,
"[TB] G?i n?i m?ng ch? 100?/phút, v?i 5.000?/ngày có 50 phút g?i n?i m?ng s? d?ng ??n 24h. ??ng ký t?i https://vt.viettelpay.vn/mpndt5 ho?c so?n MP5X g?i 109. Chi ti?t LH 198 (0?).",5,,,,
"Fb lúc 1g sáng nên không ch?p l?i cho mn xem ?c nhma mình ph?i công nh?n b? 60k mua chi?c áo v quá là ?áng lun, mình ?ang ng?m ?? mua thêm 1 em n?a ? shop này. 10? ",5,,,,
"Tr?i ?i vs giá này mà h?t ?c em áo này v? là siêu h?i luôn ai còn ?ang phân vân vì s? giá r? ch?t v?i ko t?t thì ??ng lo nhé! Ch?t v?i m?m m?n mát nux ch?, h?p vs th?i ti?t mùa hè...????",5,,,,
"áo r?t ??p ki?u v?i r?t ?ng ?y ?, shop r?t là uy tín vs c? hàng r? ?áng ??ng ti?n n?a. Khuyên mng lên mua ??",5,,,,
mình mua giúp b?n nên c?ng kh bi?t nó ntn nhma shop giao hàng nhanh nên mình cho 5 sao nè,5,,,,
??ppp v?i ?n so v?i giá ti?n hffcgydyjkknhggfffertgvubbkiufc,5,,,,
Ko có ?nh nên shop thông c?m,,,,,
?óng hàng c?n th?n,,,,,
Giao hàng nhanh,,,,,
Ch?t v?i cx ok nha,,,,,
"Nh?ng h?i nh? """,5,,,,
"Hàng ch?t l??ng giá r?, giao hàng nhanh c?cc..........????????????????????????????",5,,,,
??????????????????????????????????????????????????????????????????????????????????????????????????????????????,5,,,,
Áo ??p l?m nha ch?t h?i m?ng nh?ng ti?n nào c?a ??y nên ok from áo ??p ,5,,,,
Áo oke l?m nhé mn. Mình khá béo nh?ng m?c áo v?n v?a. R? nh?ng v?n ckat l??ng nhá. L?n ??u tiên mua áo mà không b? bome chê ,5,,,,
Nsnsnnnnnjjhhhgggggdueiejeiejebbdgxbdjsisisbddbbdvdgdgdyeyyeueueuwoqoqpqppqpqpqpqpqoiaisjsnsbxbxvxgdgvdvdvdvdvdvgdydydvzgzgshhs,5,,,,
Hdjsjsvjnagjknxvjjanbhijkbvhnssskmxmmsjzkwkxujnxnzjksmsnznzns,5,,,,
"Giao hàng nhanh, shiper nhi?t tình, s?n ph?m áo khá xinh nh?ng có vài v?t b? b?n. Mong l?n sau shop chú ý h?n. L?n sau mình s? ti?p t?c ?ng h?!! ",5,,,,
Áo y hình m?i t?i ch?t h?i x?u nh?ng r? nên v?n cho shop 5 sao nha ,5,,,,
Áo ??p ?ánh giá ti?n mua gdbdgdhjsjsbdbdbbsnsbdbbdbdbdbdbjsbsbdbdddbbdhdbd,,,,,
bdbdbr,,,,,
"hrhrhrdsbdbsbbdbdbddbdbbddb""",5,,,,
"Áo c?ng ??p , nh?ng ch?t v?i thì không gi?ng ?nh , không dc co giãn , áo h?i ng?n . Dài tý n?a thì ??p",5,,,,
C?ng khá ok,,,,,
Giao hàng nhanh,,,,,
V?i h?i m?ng ,,,,,
"Hình in h?i nhoè """,5,,,,
Áo ??p l?m n? hyhy,,,,,
???ng kim m?i ch? h?i l?i xíu nma ??i v?i gái ti?n là okela r,,,,,
"S? uho shop nhìu nè""",5,,,,
áo h?i ng?n v?i ko ?úng mong ch? l?m nma vs s? ti?n này thì mua cx ok,5,,,,
"Áo oke l?m, nói chung phù h?p v?i giá ti?n, mình l??i ch?p hình quá, giao hàng nhanhhhhhhhhhhhhhhhhhhhhhhhhh",5,,,,
"Chi?c áo pull ??u tiên mua trên shopee không làm tui th?t v?ng ?? Bình th??ng ng?i mua vì s? ch?t v?i không ??p nhma th?y mn khen nhìu quá ?ánh li?u mua luôn. Ai ng? 50k thui mà ch?t v?i ?c th?t s?, hình d?p lên áo luôn ch? hong ph?i in ????",5,,,,
Áo ch?t h?i m?ng nh?ng phù h?p so v?i giá ti?nnnnnnnnnnnnnnn,5,,,,
"Áo r?t ??p, shop r?t nhi?t tình chu ?áo, có c? th? c?m ?n trong gói hàng, quá là ?ng cách ph?c v? luôn, ch?t v?i c?c k? m?n m?c mát , nói chung r?t là ok shop ?.",5,,,,
"Ch?t v?i ok, hình in ??p, rõ nét, giao hàng nhanh, gói hàng c?n th?n ....",5,,,,
V?i m?ng nh?ng gói c?n th?n . C?ng khá là ?n ?? m?c trong th?i ti?t nóng nh? bây gi? ,5,,,,
"Áo ch?t ??p nha,hình in h?i l?i tí nó b? lem ý nên n?u mu?n thì nên mua th? ?",5,,,,
"Ch?t l??ng s?n ph?m quá kém, m?ng dính, m?c nh? m?c túi ni lông xuyên th?u ?ã th? còn rách l? to, nhi?u ch? b? s?t ch?.Yêu c?u shop tr? hàng hoàn ti?n nhg shop mãi không th?c hi?n ?c, nh?n tin t? sáng thì t?i t?i mu?n m?i tr? l?i, c? b?o s? có shipper l?y hàng hoàn ti?n mà g?n 1 tháng r?i có ma nào ??n",1,,,,
"M?i ng??i c?n nhìn k? ?nh mà mình t? tay ch?p nha , hàng giao r?t lâu mà s?n ph?m l?i không ch?t l??ng , áo ng?n - v?i m?ng - m?c nóng , b? 2 3 l?i - màu in nh?t nhách .. Mình s? không bao gi? mua l?i , m?i ng??i nên L?U Ý !!! ",1,,,,
Áo b? dính m?c tùm lum,1,,,,
"áo ng?n,gi?ng áo body h?n là áo oversize nhma v?i giá thành này thì ko ?òi h?i nhi?u. nói chung là t?m ?n",2,,,,
"B? bung ch?, v?i m?c h?i nóng. Nói chung giá v?y nên áo b? v?y c?ng ch?u thôii",2,,,,
ch?t v?i gi?t b? xù,2,,,,
Form áo ko ?c to l?m ch?t ?n. Shop giao hàng nhanh ?óng gói c?n th?n ,2,,,,
"Áo nh?n v? khá ?n, v?i h?i m?ng,v?i m?c h?i nóng áo ???c b?c trong túi zip ch? không b? bì bóng nh? m?y shop v?i nhân viên CSKH r?t t?t. Nh?ng ?i?u khi?n mình r?t khó ch?u là shop gói hàng quá lâu làm mình ??t áo ?? t?ng ch? c?a mình nh?ng cu?i cùng l?i không ??a ???c ????????",3,,,,
"M?t chi?c r?t ??p. Còn 1 chiêcz b? b?n. V?i h?i m?ng nh?ng m?c lên r?t v?a form, mình cao 1m54 m?c qua mông :v",3,,,,
- H?i th?t v?ng vì g?i sai m?u hicc??,,,,,
- Ch?t d? xù, m?i m?c vào ng??i ?ã tu?t ??t h?t ???ng ch?. V?i 50k thì c?ng không ?òi h?i nhi?u. ,,,,
"- ?óng gói vào túi zip ?ng b?ng""",3,,,,
Không ph?i là tay l? mà là tay l?ng,,,,,
Ch?t v?i ko ?c l?m ?," ch?t v?i nóng""",3,,,
"V?i m?ng , h?i nóng và áo ng?n nh?ng shop r?t nhi?t tình và thân thi?n!!!!!!!!!!",3,,,,
V?i áo m?ng ??,3,,,,
hong ??p,3,,,,
Hàng ok nha,3,,,,
Hfxgxghxgjckckgcgjxgj hkkcgfxgkxkgcgj gk mchckhhkhcoycuovvot,4,,,,
Ahhahahshhdhddudidndnbcjcjckcmcfmmmdmfmfmmfmfncncnfmcnncncnncncnncncncnnfcnffcncncnnncncncncncnfbbfnnf,4,,,,
"V?i có chút m?ng , c?ng và nóng c? tay c? áo may to thô ??????????????????????????????????????????????",4,,,,
Áo m?ng và có dính chút màu do in nên cho shop 4 sao,4,,,,
"Áo ?n l?m ?, c? áo h?i d?, khá nhi?u ch? th?a, hình in h?i m? không ?n l?m nhma c?ng ???c. Tr? 1* vì c? áo d? thôi ?.",4,,,,
V?i m?ng ?ng tay h?i bé jjannseknejendidnmdnendidndjndnridndiendnendjdnd,4,,,,
 hàng ko gi?ng ?nh ?ã th? còn b? rách m?t ch? :(((((,4,,,,
"Áo r?t ??p, shop r?t nhi?t tình chu ?áo, có c? th? c?m ?n trong gói hàng, quá là ?ng cách ph?c v? luôn, ch?t v?i c?c k? m?n m?c mát , nói chung r?t là ok shop ?.",5,,,,
"áo ph?i g?i là ??nh luôn nhé mn, v?i cái giá này thì không chê vào ?âu ???c. Shipper vui tính giao hàng nhanh n?a. Bao b?c túi zip c?n th?n. R?t thích cách cbi hàng c?a shop s? ?ng h? lâu dài. B?n nào lùn lùn m6 ?? xu?ng m?c bao xinh nè",5,,,,
Áo ??p l?m m?i ng??i. Giao hàng nhanh . ?óng gói s?n ph?m ch?c ch?n ,5,,,,
"áo ph?i g?i là ??nh luôn nhé mn, v?i cái giá này thì không chê vào ?âu ???c. Shipper vui tính giao hàng nhanh n?a. Bao b?c túi zip c?n th?n. R?t thích cách cbi hàng c?a shop s? ?ng h? lâu dài. B?n nào lùn lùn m6 ?? xu?ng m?c bao xinh nè",5,,,,
Áo ??p nha m?i ng??i .ch?t v?i ???c .giao hàng nhanh .nên m?a.....................................dmmakkskxkskskxkkskskxkskkddkskkdkkxkskkxkskxndskkxjdmzkxksskckdkmznxsjkdkdkxkkskxkkxkkjdskx,5,,,,
??????????????????????????????????????????????????????????????????????????????????????????????????????????????,5,,,,
Nhìn ??p l?m.,,,,,
Hay mua hàng shoppe nên ngh? là hàng nh? mong ??i," flash sale nên hàng r? v?a ti?n""",5,,,
S?n ph?m phù h?p v?i giá ti?n . V?i m?c mát và  r?t ???c nhà m?i ng??i .. ,5,,,,
?áng muaaaAaaAAAAAAAAAAAAAAaaaaaaaaaaaaaaaaaaaaaaaaaa,5,,,,
Áo xinh vs 50k mà ch?t v?i ??p hình in rõ shop giao nhanh ms ??t hqua ?ã ??n m63 áo dài trùm mông r?ng rãi siêu thích ncl nên muaa,5,,,,
[TB] KM NGÀY VÀNG - NHANH TAY N?P TH?! Quý khách ??ng quên Viettel t?ng 20% giá tr? T?T C? th? n?p trong ngày HÔM NAY 10/05. Ti?n KM s? d?ng n?i m?ng ??n h?t 25/05/2021. Gi?m thêm ??n 10% khi n?p th? t?i http://vt.viettelpay.vn/kmdt251 . Chi ti?t g?i 197 b?m phím 19 (0?). Trân tr?ng.,5,,,,
S?n ph?m ??p ,,,,,
?ng ghê á ,,,,,
"Quên ch?p hình nên ?? t?m m?y th? linh tinh v?y """,5,,,,
??p là ?c kâhjsjssnkssjhsiwsnnsskjssjmsdjdjdkakkaannsdbbdjjejejesnnskskswmmsmsmsmssnmskskssnsnnsnsjdjdkskskdiddididiid,5,,,,
Hàng ??p ship l?i nhanh. Giá ti?n cx h?p lý. Jfxitxitxjtjtdititd,5,,,,
MISS UNIVERSE VIETNAM ??????????MISS UNIVERSE VIETNAM ??????????MISS UNIVERSE VIETNAM ??????????,5,,,,
"Áo r?t ??p, shop r?t nhi?t tình chu ?áo, có c? th? c?m ?n trong gói hàng, quá là ?ng cách ph?c v? luôn, ch?t v?i c?c k? m?n m?c mát , nói chung r?t là ok shop ?.",5,,,,
áo ??p nh?ng h?i m?ng,5,,,,
R?t ??p nên mua,5,,,,
"áo xink mn ?, ?ã th? mua l?n hai còn ?c gi?m 30k c?, t?i gì không mua luôn ?, r? xinh l?m ý ????????????",5,,,,
Áo ??p quá i cho 5 saooooo,5,,,,
"Ch?t áo  h?i nóng , mua 3 chi?c ba ch?t khác nhau nè , nh?ng ?c cái in màu ??p from r?ng tho?i mái mk l?y c? d??i 70kg , ship hàng nhanh b?t ng?",5,,,,
Form ok nh?ng p nói là áo v?i quá m?ng quá tr?i là m?ngggggg quá th?t d?ng lun á,,,,,
"Th?y c? áo bên trong""",5,,,,
?cvchcufxyrxtxrucyfixurxyvgbvobgixdyyovcurcuvixhf vfv uu gcgc,5,,,,
"V?i h?i m?ng nh?ng v?i giá ti?n này thì r?t oke, mn nên mua nhé .",5,,,,
áo from h?i nh? nh?ng mà ?i?m c?ng cho shop là ?óng gói r?t chu ?áo kèm thêm gi?y note n?u s?n ph?m l?i. Giá l?i r? nên là r?t hài lòng.Hình aenh ch? mang tính ch?t nh?n xu,5,,,,
Không bi?t nói gì h?n ngoài quá ?ng ý. T? ch?t v?i ??n ki?u dáng khá chu?n form nha. t?ng mua nhi?u trên shopee r nh?ng th?y shop này là hàng ok nh?t giá l?i r?,5,,,,
V?i m?n. Ch?t thì h?i nóng.Giá này thì c?ng dc??????.bhdhdh?hhdhdh?hfhfhfhfh,5,,,,
T l??i ch?p ?nh nh?ng mà áo ??p l?m luôn ? .,,,,,
"?áng ??ng ti?n bát g?o luôn ?""",5,,,,
Giá c? v?a ph?i mà hàng ch?t l??ng tuy?t v?i. Giao hàng nhanh. Shop còn g?i th? và t?ng kèm 1 dây chun bu?c tóc n?a siêu cute luônnn,5,,,,
Ko ch?p l?i nh?ng v?i giá ti?n ?y thì áo ?n ?,5,,,,
Áo ??p h?p v?i giá ti?n ?áng ?? mua,,,,,
"Nma không hài lòng v?i shipper cho l?m. Rõ ràng qua ???c ch?t ki?m tra thân nhi?t r nma l?i ng?i trong nhà ng quen g?i mk ra nh?n ch? không giao t?n nhà nh? ??a ch? ghi =)) """,5,,,,
Hâh dhxndznandncnxbxhcnznxkdksjdhdhdhdhhfbcjdkakdnnffj,5,,,,
V?i khá m?ng! C?ng ?n t?m ???c m?c mát vào mùa hè thôi mn nha. Ch?t l??ng c?a b?n s?n ph?m này mình không ?ánh giá cao,5,,,,
Bdacssvheacg,,,,,
"Jeges cxbfwega vc.hrjtzvx gshrd vx csmhc cabc """,5,,,,
"V?i mát, nh?ng có ch? là tay áo b? l?i m?t síu, không có ch? th?a.giao hàng nhanh,shop ph?c v? r?t t?t (có gi?y c?m ?n)",5,,,,
Áo r? mà ch?t ok s? c?ng m??t hình in c?ng rõ ràng mà vì r? nên không có yêu c?u cao l?m ,5,,,,
Áo xinh l?m nh?ng mà v?n còn ch? th?a v?i v?i h?i m?ng. Nh?ng mà shop d? th??ng nên v?n cho 5* ,5,,,,
Áo ??p c?c kì luôn ?ó m?i ng??i n?u có ý ??nh mua thì nên mua nha ??,5,,,,
"Áo ??p, h?i m?ng nma mát. Ch?t có v? s? xù ??y ko ph?i cotton ?âu. Mà ti?n nào c?a n?y. Mình cao m55 n?ng 42kg thì m?c v?a",5,,,,
"Chi?c áo pull ??u tiên mua trên shopee không làm tui th?t v?ng ?? Bình th??ng ng?i mua vì s? ch?t v?i không ??p nhma th?y mn khen nhìu quá ?ánh li?u mua luôn. Ai ng? 50k thui mà ch?t v?i ?c th?t s?, hình d?p lên áo luôn ch? hong ph?i in ????",5,,,,
Okkkkkkkkkkkkkkkkkkkkkkkkkkkkkkkkkkkkkkkkkkkkkkkkkkkkkkkkkkkkkkkkkkkkk,5,,,,
Áo ??p mà h?i m?ng ,,,,,
Mình 1m6 47kg chui ??u vô nó rách cái áo luôn :((,,,,,
"Nói chung là ti?n nào c?a n?y""",5,,,,
Ch?t l??ng cao h?n nhi?u so v?i các b?n có th? tham kh?o thêm v? vi?c này thì mình th?y nó c?ng có th? là ,5,,,,
Áo h?i m?ng xíu nhg cx ok phù h?p giá.........dldkfkldndbkdkdkdl,5,,,,
S?n ph?m y nh? hình ?óng gói c?n th?n s?ch s? l?ch s? v?i nh? 35k ? ch? mình :)),5,,,,
"sHop giao hàng ??y ??... A shiper cx thân thi?n nx, mình th?y mn review t?t nên mua và th?y s?n ph?m cx ??p..ch?a m?c th? nên cx kh bt sao mà ch?t th?y cx ?c",5,,,,
"Áo ??p l?m luôn á mng, áo mang giày d?n, hình in siêu xinh luôn. Nên nha m?i ng?iii r? mà còn ??p n?a ch?. Hình nh? và video mang tính ch?t l?y xu thoi",5,,,,
S?n ph?m ?áng ?? mua giao hàng nhanh không ng? nhanh ??n th? luôn ,5,,,,
"Áo ??p c?c , v?i x?n xò ,dày , mn nên mua hihi hdhdhnsjjjsnhhhx goood goood ",5,,,,
Áo h?i dày không quá m?ng ch? ???c in luôn trên áo nha c? lò nch là ??p hê hê ?,5,,,,
Áo ??p ?óng gói k?. Giao hàng nhanh. V?a r? v?a xinh ?áng ti?n th?t s?.,5,,,,
Áo hình in ok ??p ch?t v?i ?n nói chung là áo nên mua r? mà ??p...,5,,,,
?óng gói s?n ph?m ch?c ch?nnnn.,,,,,
"V?i okkkkkk l?mmmm ahhhhhhhhhhhh.""",5,,,,
"Áo x?n nha, h?i th?t v?ng ? ch? giao hàng lâu ",5,,,,
Áo m?ng khôbg r?ng cho l?m h bshzbzbzbzhggvcbb,5,,,,
Áo xinhh:3 Nhìn r?ng thích c?c. M?i t?i ngày ship b? sai nên mình không nghe máy ???c cái ph?i ?i t?n b?u ?i?n ?? l?y,5,,,,
Nh?n ???c hàng r?i nha shop áo ??p l?m luôn mà ch?t l?i s?n n?a ch? ship hàng nhanh nè l??i ch?p ?nh lên l?y b?a ?nh??,5,,,,
?nh và video ko liên quan ??n s?n ph?m t?i mình nhác ch?p ý . Nh?ng s?n ph?m ok nha ch? có ?i?u là v?i h?i m?ng v?i giá ti?n này c?ng ko ??i h?i nhi?u ,5,,,,
.,,,,,
....................,,,,,
,,,,,
,,,,,
,,,,,
,,,,,
,,,,,
,,,,,
,,,,,
,,,,,
,,,,,
,,,,,
,,,,,
,,,,,
,,,,,
,,,,,
,,,,,
,,,,,
....,,,,,
,,,,,
,,,,,
,,,,,
,,,,,
....,,,,,
,,,,,
,,,,,
,,,,,
,,,,,
....,,,,,
,,,,,
,,,,,
,,,,,
,,,,,
,,,,,
,,,,,
"... phù h?p v?i giá ti?n nhé ??""",5,,,,
"siuuuuuuuu ??p lun ý ? , hàng ch?t l??ng nh? trên hình luôn ý ? ????",5,,,,
"Khuyên m?i ng??i nên b? thêm vài ch?c ?? mua áo khác ch? áo này v?i m?ng kinh kh?ng, nóng n?a ch?",5,,,,
Áo ??p áo mát thoáng ??????????????????????????????????????????????????????????????????????????????????????????,5,,,,
Áo ch?t ??p nha ? hình ?c in chìm  ,,,,,
"Ch?t li?u  co dãn ??   tho?i mái m?c thích ??t hôm trc hôm sau có hàng luôn """,5,,,,
"Áo ??p, ?óng gói ch?c ch?n và ch?t l??ng s?n ph?m t?t, th?i gian giao hàng nhanh, nói chung là r?t ?áng ti?n",5,,,,
"Hàng ??p ch?t l??ng v?i phù h?p v?i giá ti?n, shop thân thi?n giao nhanh, nchung là mng c? th?u mua ?i r bi?t ch? nhìn hình sao bi?t ??p hay x?u ",5,,,,
Hàng v? nhanh,,,,,
1 hôm là v? r?i ,,,,,
V?i m?ng nh?ng hình in ??p,,,,,
"Ch? may t? m?""",5,,,,
X?n nha.xinh vcl.ch? shop thân thi?n l?m luôn,5,,,,
"Giao hàng nhanh, áo v?a ng??i, v?i h?i m?ng! Ns chung áo khá là ??pppppppp, l?n sau mua ? shop ti?p ?",5,,,,
Ch?t l??ng s?n ph?m tuy?t v?i. ?óng gói s?n ph?m r?t ??p và ch?c ch?n,5,,,,
?nh và video không liên quan,,,,,
Áo ??p l?m ,,,,,
"L?n sau s? ?ng h? shop ti?p ? """,5,,,,
"Shop giang hàng nhanh, ?óng gói c?n th?n, v?i h?i m?ng nh?g c?ng ok ti?n nào c?a l?y, màu ch? in khum ??m cho l?m",5,,,,
"Áo ??p l?m nha shop. Th?i gian giao hàng c?ng nhanh, r?t ?áng ti?n.",5,,,,
??p ? ?ng lém??,5,,,,
R?t r?t ?ng áo c?a shop áo ??p ch?t l??ng oke l?n sau v?n s? ti?p t?c ?ng h? shop??,5,,,,
"Hàng ship khá nhanh, ch?t l??ng v?i ?n, không quá thô.cho Shop 5 sao",5,,,,
L?i trình làng siêu ph?m ?ây ?,,,,,
E toàn s?n hàng canh sale cho ce thôi ??y nha ,,,,,
Th? là xinh dã man luôn nha ??????,,,,,
Size túi ? ?nh nha quí z?,,,,,
??p t?ng ???ng kim m?i ch? ,,,,,
E có ?nh th?t nha ,,,,,
E gom oder hàng QC xu?t ?,,,,,
"Hàng v? sau 10-15 ngày ce ch?t ch?c báo e nha""",5,,,,
",...............................,.,.,.,.,.,.,.,.,.,.,.",5,,,,
áo h?i m?ng nh?ng ti?n nào c?a ý và b? b?n 1 vài ch? ??nh?ng v?n r?t ?ng nhaaa????,5,,,,
Áo khá là ok  h?i m?ng áo h?i nh? so v?i nh?ng ng m7 còn l?i thì ok h?t nha,5,,,,
"Áo ??p , v?i c?ng không m?ng quá , v?i giá này c?ng g?i là ??p r nha mng",5,,,,
Ch?t áo ??p ?. ,,,,,
Em khen th?t lòng kh d?i lòng,,,,,
"Anh shipper nhi?t tình. """,5,,,,
"Hình in ch?t r?t ch?c ch?n,màu áo nh? hình , v?i mát m?m m?n...",5,,,,
Áo ??p okok kvvkvvjvjjvjvjvkjvvjvjvjkvjvjvjvj kvvjcjcjcjf,5,,,,
???cvbjtyzydhdhsha,5,,,,
Gh?gsgjh?gfgvdbdhgfhhfvnfgd?hkig?vgfgvxbvxhghhsvvvc,5,,,,
V?i ?n h?p v?i giá ti?n??,5,,,,
Phù h?p v?i giá ti?n m?i ng??i nên mua shop d? th??ng ??????????????????????,5,,,,
Giao hàng nhanh,,,,,
Nh?ng ch?t h?i x?u mình không ???c ?ng cho l?m,,,,,
"Nh?ng v?i giá ti?n nên ??y là ok r?i""",5,,,,
"V?i giá 50k/1áo nh? v?y là quá xu?t s?c luôn.Ch?t áo ??p ko quá dày c?ng ko quá m?ng m?c mát,???ng may ch?c ch?n,giao hàng nhanh.M?i ng??i nên muaa ?",5,,,,
choán!,5,,,,
"V,tnxjtxtt có th? ??n v?i  privates có th? ??n v?i a private message to th? mà b?o tôi r?ng mình ?ã làm cho t gói vàng ??y tên mi?n",1,,,,
L?n ??u mua th?y ok ,,,,,
L?n 2 mua g?n 2 ngày ko th?y g?i ??n ,,,,,
"Nên d?i cho 1sao l?n 1 luôn """,1,,,,
"th?y trên hình t??ng v?i dày dày khi giao v? v?i m?ng lét không ?ng ???c tí nào, ?ánh giá là quy?n c?a khách hàng mà shop l?i g?i nh?n tin cho b?o xem xét l?i r?i ?ánh giá t?t, tôi th?y sao tôi ?ánh giá v?y! ",1,,,,
I ordered cotton like in the advertisement described and received polyester. Claim management rejected my issue. Poor customer support on both sides !!!,1,,,,
V?i ki?u b? m?n ?y th?t v?ng th?c s? ,1,,,,
"Hàng ko ph?i cotton nh? qu?ng cáo. Hàng ch?a s?i pe. Thô c?ng, mua v? v?t xó, ko cho ??i tr?. M?i ng ??ng d?i nh? t,khi khách hàng nh?n xét ?úng nh?ng gì v? s?n ph?m thì tr? ??a b?ng cách up s?t c?a khách hàng lên các di?n ?àn ?? làm phi?n,s? th?t",1,,,,
Áo còn ch? th?a. M?i ng??i nên cân nh?c khi mua,1,,,,
"Màu v?i kém quá, m?c ???c ?úng 1 l?n phai h?t c?",1,,,,
K gi?ng trong ?nh,1,,,,
"X?u, ko ?áng v?i giá, from d?u size L mà ch?t",1,,,,
Gi?t ?úng 2 l?n v?i b? nh?n co x?u c?c ,,,,,
"Ko h? thêm mu?i""",1,,,,
"áo ch?t li?u không ph?i cotton, nh?n tin b?o shop thì vòng vo mãi ??i m?u khác? làm ?n l?a d?i ?iêu trác kêu cotton mà có gi?ng mô t? tí nào ?âu=))? v?i gì b? rão, quá nhi?u n?p m?c vào x?u c? ng??i. khuyên m?i ng??i ??ng nên mua hàng này!",1,,,,
"Ch?t l?n sau khác h?n v?i ch?t l?n ??u mua ,ch?t l??ng t?",1,,,,
Áo không ?úng kích th??c shop qu?ng cáo,1,,,,
"Không có ?nh áo nên ?nh ch? mang tính ch?t nh?n xu. Ch?t v?i khá mát, l?n ??u mua ? shop qua lazada ??t 2 cái nh?ng giao có 1 cái. L?i ph?i ??t l?i l?n 2 và m?t nhi?u phí h?n.",3,,,,
V?i s? thì th?y mát. không quá m?ng nh?ng không dày. Mùi áo thì không th? ng?i n?i. Ngoài cái mùi áo không th? ng?i ???c thì m?i th? có th? ch?p nh?n. V?i giá ti?n ?ó thì c?ng t?m ???c,3,,,,
Mua 2 chi?c ??u tiên là ch?t v?i không h?n là cotong 100% nhé shop,,,,,
Và cái th? 2 là chi?c áo m?u ?en c?a mình mua v? gi?t tay v?ia n??c th??ng ra khá nhi?u m?u ,,,,,
Còn chi?c m?u ranh rêu thì oke ??p gi?t không phai m?u,,,,,
"Áo ch?t l??ng c?ng ph?i ch?ng""",3,,,,
Màu trên shop ?? là màu h?ng ru?c. Nh?ng khi nh?n hàng màu h?ng ki?u tím tím s s ý. Hic ko gi?ng màu h?ng ru?c huhu. Mua các màu tr??c ?ng l?m. Ch? có màu h?ng này làm mk th?t v?ng. :((((,3,,,,
"Thun m?ng, ph?n c? may kh?p v?i ???ng may vai s? ??p h?n, gói hàng ??p",3,,,,
Hình ?nh ch? mang tính ch?t l?y xu . Ch?t áo ok nh?ng ???ng may kém,3,,,,
Áo màu ?en ch? may trên vai ch? có 1 ???ng may thay vì 2 ???ng may nh? trên ?nh. Mình khá th?t v?ng v? áo màu ?en m?c dù ?ã ???c shop gi?i thích là do x??ng thích may nh? v?y :< các b?n mua màu ?en nên xem xét !!!,3,,,,
??t màu xám mà giao mà be không ??p,,,,,
Áo ch?t bình th??ng ,"m?ng jixififfofofifififo""",3,,,
"Mình ??t size L vì trên b?ng size ghi dài áo t?n 71 cm nh?ng mình ?o ch? ???c t?m 65 cm thôi còn ng?n h?n c? size M nên h?i th?t v?ng . Mình cao m55 m?c th?y c?ng ok nh?ng vì mình thích m?c oversize nên không ?ng l?m , b?n nào mu?n m?c r?ng h?n thì mình ngh? nên ??t XL ho?c 2XL . ",3,,,,
"form áo khá ??p, mình cao m55, 46kg m?c r?ng qua mông nhé. Ch?t v?i khá oke, tuy nhiên, mình v?a gi?t m?t l?n n??c không thôi mà phai màu kinh l?m, hôm nh?n hàng mình không có nhà nên không ?ánh giá luôn ???c.",3,,,,
Ch?t ??p. Size M ?o v?a in v?i size L ??. Form r?t r?t r?ng. Mn mua nên cân nh?c ntin cho shop h?i k? tr??c,3,,,,
Ch? hi?u ki?u gì :) . Ch?t v?i ??p giao hàng 1 ngày max nhanh. T?i m?i có v?t b?n nh? kia làm mình khó ch?u ,3,,,,
áo ??p tuy?t v?i mua nhóm nên ?ng ý =>> m?i t?i b?ng size h?i sai l?ch =)))) c?ng t?m ,3,,,,
"Shop giao ?úng m?u, áo h?i m?ng, m?c mát, co dãn r?t t?t",,,,,
"(Aaaaaaaaaaaaaaaaaaaaaaaaaaaaaaaaaaaaaaaaaaaaaaaaaaaaaaaaaaaaaaaaaaaaaaaaaaaaaaaaaaaa)""",3,,,,
Hiccc. Xem m?i ng??i ?ánh giá nói ch?t v?i mát nên tuii qu?t luôn 2 cái. Ai dè ch?t không mát ?âuu,3,,,,
Th?i gian chu?n b? và giao hàng nhanh ,,,,,
V?i áo m?ng," là from áo dài nên l?u ý tr??c khi muA""",3,,,
Áo m?ng và d? nh?n c?c ý ,,,,,
Khá là th?t v?ng ,,,,,
" Hình ?nh và video ch? mang tính nh?n xu """,3,,,,
"Áo m?ng, ?? lông kinh kh?ng. Th?t v?ng c?c. Xinloi video không liên quan l?m",3,,,,
"Ch?t li?u c?ng t?m ???c, h?i m?ng. ??t 3 cái nh?ng 2 áo màu cam và tím ???ng may ? vai không ?c ??p, b? dúm. Mong shop rút kinh nghi?m ?? áo ??p h?n.",3,,,,
"??h?i th?t v?ng mua 2 cái l?n tr??c ?ng l?m nên l?n này l?i mua mà l?n này áo nh? ??t xl mà nh? size M,l ng?n g?n 3 phân so v?i áo l?n tr??c mua luôn ?y ",3,,,,
Qu?n vs giá này thì v?i ok. Nh?ng mà ph?n size chart shop nên t? v?n k? l?i mình 72kg mua XL t? 70 80kg mà m?c ko kéo qua mông. Dù ?ã nh?n shop nh? t? v?n r @@ quá bu?n,3,,,,
áo h?i nh?n,3,,,,
Áo khi m?i m? ra thì khá h?i khi m?c thì b? dính v?i lên trên ng??i ,,,,,
"Phù h?p v?i túi ti?n""",3,,,,
Giao lâu,3,,,,
Áo màu be m?ng quá nên t?m ?ánh giá shop 3??,3,,,,
"Ch?t v?i khác v?i l?n tr??c ,form áo thay ??i ,cùng size L mà l?n này áo ng?n ?i nhi?u  nên m?c không ?ng l?m!",3,,,,
"V?i ?n, c? áo nh? ???c thi?t k? ?? si?t c?, không bi?t gi?t vài l?n nó có r?ng cái c? áo ra tí nào k",3,,,,
"??t 3 cái áo size M l?y 2 cái M còn 1 cái áo size XL tr?i qu?i bó tay shop luôn có h?t hàng size thì báo nói 1 mih bi?t 1 ti?ng ch? ??ng có l?y ??i size khác l?n h?n.M?c vô mún b?i trong cái áo luôn, shop rút kinh nghi?m giùm mih ?! Mih ??t 3 cái size M và có còn note rõ d?n shop n?a,áo thì ??p r ?",3,,,,
Bán ?? ny t nhìn th?y lz,3,,,,
Áo r?t d? b? nh?n,3,,,,
Áo ch?t ??p. Size không ?úng ??t 2 cái m và xl mà b?ng nhau,3,,,,
Kém,3,,,,
Ch?t v?i và ???ng may t?t nh?ng áo bé h?n so vs b?ng size nên ko ?ng l?m,3,,,,
"Giao hàng nhanh, ??n tr??c mình b? th?t l?c bên v?n chuy?n ko giao, báo mình ko nh?n , b? shopee c?nh cáo. ",3,,,,
??????,,,,,
"Áo h?i m?ng""",3,,,,
"Dáng áo ??p ? , m?i t?i v?i m?ng nhìn rõ áo bên trong",3,,,,
"Mùng 1 mang cái qu?n mày ?i ch?i, r?t cái ví m?t tiu :)))",3,,,,
ao b? l?i và ?? lông nhj?u mua 4 cái ch? hài lòng 2 cái :(( chán quá,3,,,,
Mua size L mà shop ??a XL,3,,,,
áo màu cam không t??i ???c nh? ?nh,,,,,
"nh? màu cam ??""",3,,,,
"Ch?t v?i mát. Tuy nhiên mình ??c bi?t không thích ph?n c? áo, áo màu tr?ng còn c? áo l?i màu ngà m?c lên nh? b? ? vàng v?y!!",3,,,,
T?m dc,3,,,,
S?n ph?m oke nh?ng giao tr? ,3,,,,
"Màu xanh ??p h?n màu tr?ng, v?i tr?ng h?i m?ng ",3,,,,
Cùng size nh?ng có m?t áo to h?n,3,,,,
"Mua 6 chi?c g?i 5 chi?c , thi?u 1 chi?c màu tr?ng",,,,,
size M mà cái thì r?ng cái thì v?a,,,,,
Vi?n c? may d?c v?i,,,,,
"Lách may l?ch và h? ???ng ch?""",3,,,,
M70 70kg sz XL quá to và r?ng 90 kg m?c v?a ,3,,,,
Th?ng  ?úng ch? vl ,,,,,
"L??n l?o""",3,,,,
Áo h?i t? vì cái nhãn mác áo m?c làm ng?a l?ng:((,3,,,,
Qu?n có v?t h?i d?. ?n vs giá,3,,,,
Jdjdfhdhjdjdbhdhdhjjdihxusujxjdhuusjshxdhhdjxdjdjxjdjj?jjdjdjdjdjúudhhdhdjj?jjdjdj?jbdbdvbdbdbdbdbbbdbdsbbsshhsdhdhdhhddhdhdhdhdhdhdhdhdhdhdhdhdhhdg,4,,,,
Shop ?óng gói hàg ch?c ch?n ,,,,,
Áo màu ??p, ?úg size, không có nhi?u ch? th?a ,,,
Nh?g ???g may ? c? áo ??g sau v?n b? lòi ch? nh?, ???g may b? l?ch,,,,
"V?i áo l?n này m?g h?n l?n 1 mìh mua??""",4,,,,
Bao gi? agcers m?i up h?t ?nh bigshow ?? toy còn ki?m ?nh up :)) cho b?ng b?n b?ng bè b?ng ace??,,,,,
,,,,,
#dreamcoustic,,,,,
#agc,,,,,
??,,,,,
,,,,,
"?nh ch?t l??ng th?p còn em c?ng không cao ?âu??""",4,,,,
"Ch?t ???c, m?c mát, m?i t?i ch?a r?ng theo ý mình l?m. Có ?i?u giao hàng chán ch? bu?n nói. Giao 5 l?n thì 4 l?n không thèm g?i cho mình cu?c nào và ghi là giao hàng không thành công vì không liên l?c ???c v?i khách hàng, 3 l?n mình khi?u n?i lên shopee ms ?c giao l?i :) ",4,,,,
Áo ch?t v?n th? nh?ng ng?n h?n so v?i l?n ??t tr??c????????????????????,4,,,,
Áo h?i b?n,,,,,
"Xmxnnxnxnxnxnxndndndndndndndnndndndndndndndndnndndndndndndndndnn?ndndndndnn?nndndndndndnn""",4,,,,
"V?i dày, co giãn nh?ng m?c mùa này nóng vì ko ph?i cotton, giao hàng nhanh",4,,,,
?ã nh?n ???c hàng giao hàng nhanh.nh?ng mình ??t 2 cái Màu gi?ng nhau mà shop giao 2 cái màu khác nhau,4,,,,
Thông tin s?n ph?m Áo thun Unisex N7 Basic Tee phông tr?n nam n? tay l? oversize form r?ng 12 màu:,,,,,
- Hàng chu?n N7 s?n xu?t, tem mác chu?n chính hãng.,,,,
- Ch?t li?u: thun cotton 100%, co giãn 4 chi?u, v?i m?m, v?i m?n, thoáng mát, không xù lông.
- ???ng may chu?n ch?nh, t? m?, ch?c ch?n.,,,
- M?c ? nhà," """,4,,,
"Giao hàng khá nhanh, giao ?? hàng, ch?t h?i nóng:) nh?ng ??t size XL thì khá r?ng rãi, nói chung là ?n",4,,,,
"Áo gi?ng nh? hình, ch?t h?i dày, mình ??t áo XXL r?i nh?ng áo trông v?n h?i nh? ý :’))) Giá c? ph?i ch?ng, s?n ?c sale nên r?t r?...giao hàng cx nhanh",4,,,,
V?i x?n mát nh?ng ???ng may ch? c? áo làm mình th?t v?ng 1 chút vì th?y mn review khen t?m t?c :( nh?ng so v?i giá là t?m ?n ?,4,,,,
":)))))))))))))))))))))))))))))))))))) cái vid ko liên quan, ?ánh giá ?? nh?n xu, 1 tr?i nghi?m th?t là nh?c nách ",4,,,,
"Áo ch?t thì ??p l?m r?i h?i v?i giá ti?n, nay gi?t ?i ph?i lên m?i th?y b? b?c, b? m?c tùm lum tùm la, b?n nào mua màu ?en thì nhìn s? rõ h?n ch? b? b?c nheeee",4,,,,
"Áo ch?t khá là mát, gi?ng hình, nh?ng có 1 ?i?m tr? duy nh?t là ???ng may r?t là x?u ",4,,,,
?úng là không có gì v?a ngon v?a b? l?i còn v?a r? c?! ,,,,,
Form áo ?n d?ng regular fit, ch?t 5% cotton vì s? co giãn quá t?t nên mình bi?t, ?c cái g?i ?úng màu và size, packing ki?u bao nylon, áo thêm logo và tag là thành brand n? b?y @@,
"?áng ti?n ? m?c ch?p nh?n ???c!""",4,,,,
"ph?n c? may ?u quá, mùi áo h?i ghê!!!",,,,,
size M mà nh? size L v?y,,,,,
"form áo c?ng t?m""",4,,,,
Áo v?i m?ng m?c r?t nóng không th?m hút m? hôi m?y nên cân nh?c khi mua,4,,,,
Nssndnakanzjsnsansnnsjsnsjssjnssnnsndndndndndn?nn?ndndndndndndndndnn?n,4,,,,
"V?i áo c?ng t?t nh?ng cái logo áo may h?i cao, không có gi?y th?m nên khá hôi, giao hàng ch?m m?t tu?n",4,,,,
áo m?ng on n?n ?àu mua ...... ,4,,,,
"L?n tr??c mình ??t màu h?ng ru?c, th?y ch?t thích quá nên ??t thêm 2 cái này. Màu tr?ng thì tuy?t v?i, nh?ng màu ?en mình mu?n khóc luôn, gi?t mãi mà không h?t m?y cái trông b?i, s?i v?i ?en xì, mình x? 12 l?n n??c r?i còn ngâm 1 ngày mà v?n v?y, ch?m vào s? th?y tay b? dính m?y cái ?en ?ó. Kh? ghê",4,,,,
Ch?t v?i m?n,,,,,
?úng size,,,,,
Nh?ng mà nhi?u b?i v?i quá ????,,,,,
"Ngâm mãi ch?a th?y h?t """,4,,,,
Áo h?i r?ng h?n so v?i d? tính ,,,,,
Ch?t mát , v?i ??p dùng c?ng ok,,,,
"Nói chung là nên mua nha""",4,,,,
Kkkkkkskakakkakakakakakakkakakakakakakakakakkakakwkwk,4,,,,
Áo ch?t m?n không d? xù. M?i t?i màu tr?ng h?i m?ng th?u c? áo lót bên trong ?? nma giá r? không ?òi h?i ch?t lg cao ??,4,,,,
Áo ??p phù h?p v?i giá ti?n,,,,,
Nên mua nha mnnnnnnnnnmm,,,,,
Jwkkwkeodip2owhshdbdhdhdjdjdjjehwjwhejehhe,,,,,
"Ksksksjndhdjeieieisisisjdke""",4,,,,
?nh không lq nh áo không ?c ??p nh? l?n trc mình mua ch?t m?ng d? nh?nnnnn,4,,,,
?ng tay áo h?i ng?n so v?i size XL,4,,,,
"V?i t?t mà áo to quá :( ?óng gói s?n ph?m ??p, giao hàng nhanh..",4,,,,
"áo khá ch?t , màu ??p ,v?i m?c l?nh và thích , hàng ok ...5 sao cho shop..Ti?n ?ây mình mu?n t?ng cho anh em 4 ph??ng pháp kh?c ph?c xu?t tinh s?m m?i khi g?p hàng ngon (t? nhiên, không t?n kém mà hi?u qu? 100%). Inbox cho mình vào s? za.lo 077.215.6996 mình g?i video h??ng d?n.",5,,,,
Size XL m55 m?c r?ng chán :)) Gjfusysyduduldylxdkyatksykstksshmshmsyksykdyksykayksyksykasysylskysmysymdylsuldjduldylskyaykdusylsylsulsylsudusulssylsylslysdylsgkdifgifififididfhdraslusoyodyksslysylslyylsylsysdyylykysydktdyultaksyultasyylylyslyysyssyyslylyudduduyslykygzfjfufkgjfudufifufufjcfjfjfidjfdu,5,,,,
"Áo ??p mà giá l?i r? , khá là ?ng . T? gi? s? ?ng h? shop ??????????????????????????????",5,,,,
Áo r?t ?eph mua l?n 2 v?n ??p và có th? xác ??nh h??ng d?n gi?i phóng m?t s? l??ng l?n nh?t là m?t s? l??ng l?n h?n và có m?t ng??i3333và3và ???c cho các em lo?i hình thành ph? này là m?t s? ti?n c?a ng??i ta ?ã ???c các tr??ng có m?t s? ti?n c?a ng??i ta ?ã ???c bi?t r?ng ông ?ã b? b?nh t?t và ng??,5,,,,
Áo ??p ch?t mát l?m ? jsuebdhdbduehudbddjjlnxoscusbufebfwjw fkwbfiebfihisfbuebcehfueurcubdubeifbuebfuebfuehfiebfidhfigfishfushfiebfishcisbc8sbcue khskhhfishfisgus c?bcidbcisienfibafjshifsnifhwifinisbcibsidv,5,,,,
"Áo r?t ??p, form r?ng ?úng ý mình, ch?t mát c?c. Recommend cho các b?n phân vân v? form áo: mình cao 1m53, n?ng 42kg m?c szL n?u b?n nào thích form r?ng, nh?ng s? h?i dài qua mông nhé, còn b nào thích r?ng v?a ph?i thì szM nhé",5,,,,
?ây là chi?c áo th? 5 mà mình ?ã mua c?a shop r?i ?ó nha~~,,,,,
Áo c?c k?, c?c k? ??p lun nha!,,,,
Hihi, m?i ng??i ?ng h? shop nhé.,,,,
C?m ?n shop nhi?u ?~! ,,,,,
"^^""",5,,,,
Ch?t l??ng s?n ph?m t?t. Hình ?nh và video ch? mang tính ch?t minh h?a. Agdkcnkanxnbcjaosm xngajajxncnskamnchehwinxnxbdjskznxnxkskzmxnxnxnnxnxjskdncncndks ncncnsmskmxncncndjskskskksnxncnxbjsksksmxnxnxnndnsksmxnznnsnzn,5,,,,
"Top 21 Miss Universe 2020 g?m các ??i di?n t?i t? Colombia, Peru, Australia, Pháp, Myanmar, Jamaica, Mexico, C?ng hòa Dominica, M?, Indonesia, Argentina, ?n ??, Curacao, Puerto Rico, Philippines, Brazil, Anh, Nicaragua, Thái Lan, Costa Rica và Vi?t Nam.",,,,,
,,,,,
"Chúc m?ng Khánh Vân! Khánh Vân ?ã là chi?n bi""",5,,,,
giao hàng nhanh s?n ph?m y hình ,,,,,
"v?i mát l?n này là l?n mua t2 c?a shop r?i nên cx yên tâm h?n """,5,,,,
"Ch?t áo mát , giao hàng nhanh , ?óng gói ch?c ch?n ...,..................................................................................................................................",5,,,,
Áo ok nha. Mình mua nhi?u ?ây r?i. Áo m?ng v?i mát. Nh?ng d? nh?n thôi r?i. Màu xanh này khá ??p. Mình 1m67 53kg nhé. Giao hàng thì ph?i nói c?c nhanh,5,,,,
"Trc mình mua 1c áo dài tay, h mua thêm cái áo ng?n tay nh?ng th?y lo?i dài ch?t ?n h?n lo?i ng?n tay, áo ng?n tay v?i h?i dày ",5,,,,
Cycfugghvvvivjvjucyfyvjvjvjvjvjvjvgchchvjvjvjvhvhvjvjvjvjvjvjvhchcucu,5,,,,
??  ??  Cu?c s?ng là 10% nh?ng gì x?y ra v?i b?n và 90% cách b?n ph?n ?ng v?i nó - Thành hay b?n n?m ngay trong tay b?n  ??   ,,,,,
    /-heart  HERA - ?OÀN K?T CH?P H?T - VÔ ??CH TOÀN V? TR? /-heart ,,,,,
                      ——————*****——————,,,,,
,,,,,
Tôi không l?a ch?n là ng??i bình th??ng  ,,,,,
"Tôi khát khao v??n t?""",5,,,,
"Ngày 9-5, liên quan t?i tr??ng h?p m?t nhân viên làm vi?c t?i chùa Tam Chúc (? th? tr?n Ba Sao, huy?n Kim B?ng, Hà Nam) m?c Covid-19 có liên quan t?i ? d?ch t?i B?nh vi?n K, Trung tâm Ki?m soát b?nh t?t (CDC) t?nh Hà Nam cho bi?t l?c l??ng ch?c n?ng ?ã t?p trung truy v?t ???c 2.620 ng??i, là các tr?",5,,,,
"Áo ch?t ??pppp ki?u dáng i hình vs video shop post nha m?i ng?i. Ship hàng h?i lâu nh?ng dc cái ?óng gói t?t, có túi zip ??ng áo. Mua v? vô tình phát hi?n là áo cheap moment v?i Taetae nên ch?m ngay m?i ??m cho shop hihihi ch?t ??p nha mngui nh? là áo trc khi m?c nè ",5,,,,
thì ra là sao v?y ? vì v?y vi?c nghiên hy z?ng ?? làm câ là ng??i ?àn loz do v?y ý ki?n i t làm cho b?n mik chi z m? con tôi ???c game ?ó là kinh nghi?m tui hát,5,,,,
"[QC] Dang ky ngay dich vu HOMEWIFI VIETTEL: Phat song rong, phu song deu, toc do on dinh, thu tuc don gian, lap dat de dang, cuoc TB chi tu 280.000d/thang (KM trong 24 thang). Chi tiet LH 18008168 (0d) hoac truy cap https://shop.viettel.vn/cdbr/supernet2 . Tu choi QC, soan TC3 gui 199.",5,,,,
"Ph?i xoá shopee thôi=)))))) tiêu h?t m? money r?i. May cái nghèo ?ã c?n tui mua thêm áo c?a shop ?? nghi?n ?? áo ch?t l??ng r?t nhi?u so v?i giá nha, nên mua lám ?? n?u ai mu?n m?c r?ng ki?u oversize thì nên mua size XL tr? nênnnn",5,,,,
Giá khá OK ,5,,,,
"Này ki?u màu h?ng tím ru?c nha m.n, không ph?i d?ng h?ng pastel ?âu. Nh?ng mà v?n xinh, ai da ng?m thì nên cân nh?c thôi ?, vì màu này s? h?i x?n da. Ch?t v?i oke, form c?ng oke luôn. Mình m50 h?i dài 1 tí nh?ng v?n ?n. ",5,,,,
"Thí d?: Thân cây mía g?m các ch?t xenluloz?, n??c, saccaroz?…",,,,,
+ Các v?t th? nhân t?o ???c làm t? v?t li?u. M?i v?t li?u ??u là ch?t hay h?n h?p m?t s? ch?t.,,,,,
"Thí d?: Bình làm b?ng thép là v?t th? nhân t?o. V?t th? này ???c làm t? v?t li?u là thép. Thép là h?n h?p c?a m?t s? ch?t trong ?ó ch?t s?t là """,5,,,,
Hsnsnndndbdnsndnndndnxksmssnnxndjjssjnsnxnsjsnsndndjsjs,5,,,,
Vid và pic ch? mang tính ch?t l?y xu,,,,,
Nh?ng mà áo x?n l?m các bác ?i, ch?t mát l?m, mình mua flash sale còn có 85 cành mà ?ng th?t s?.,,,
Shop làm vi?c nhi?t tình, tin nh?n t? ??ng báo khi ??t hàng và giao hàng.,,,,
Mình 1 m58 50kg m?c L tho?i mái, áo trùm mông,,,,
B?n mình 1m52 41kg m?c M c?ng v?a xinh,,,,,
"?nggggg""",5,,,,
"Shop giao hàng nhanh, áp y hình, ch?t mát nh? l?n ??u mình mua. R?t thích, s? ?ng h? shop thêm ?",,,,,
"Nên mua nha mn..... """,5,,,,
"R?t OK nha mn, siêu ?ng v?i giá này mà có cái áo ?n c?c,v?i x?n mát ,th?m hút m? hôi ,nên mua nha.mn????",,,,,
??t 2,3ngày là có r?i.Mình m52,42kg m?c M v?n ok nha," nh? size S bình th??ng thoi à""",5,
Hsibsjridjnslqkwudrrvjfrbjrjrjrbfjrjrj4jrjhfbfbcjfkwuwgwidnehdieboddhieehuxxyxyudjrv8cfhrif8rh4ud8xrhf8dhidneiwbidbfiedb9rdjkkqiwgxibrhdvrfbrfkdnuevjcbfirc8jrhc4hfjxurirnfj4j,5,,,,
"Ch?t l??ng ??p, qu?n ?ùi h?i dài, áo balo thì h?i ch?t c?",5,,,,
?nh ko liên quan vì mh l??i ch?p nói chung là c?ng t?m ?n so vs giá ti?n mình ??t ?c giá sale giao hàng nhanh ?óng gói ok ,5,,,,
"M?t chi?c aod quá là xinh luonn, ?ng h? brand VN, th?y brand này bán ?? h?p túi ti?n lên mua th?, ai ng? chim ?ng quá tr, v?i mát, có tag khá xinh. Hàng giao khá nhanhhh, có t?m thi?p c?m ?n siêu yêuuuu ??????",5,,,,
"Ch?t áo ??p l?m m?i ng?oi, v?i cotton mát c?c, form áo tho?i mái",5,,,,
"[TB] T??NG 20% GIÁ TR? T?T C? TH? N?P trong ngày 20/03. Ti?n KM s? d?ng nô?i, ngoa?i ma?ng ?ê?n hê?t 04/04/2021. Gi?m thêm 3% khi n?p th? t?i https://myvt.page.link/km . Chi ti?t g?i 197 b?m phím 19 (0?). Trân tr?ng.",5,,,,
"Shop giao hàng nhanh, ?óng gói hàng ch?c ch?n. S?n ph?m ?úng hình, mà có v? v?i m?c s? h?i nóng. Ban ??u ??t sz L r?ng quá nên mình nt cho shop ??i sz khác thì shop ??ng ý luôn ? ??????, c?c hài lòng luôn ?. L?n sau s? ?ng h? shop ti?p ? ???????? ",5,,,,
V?i này thì ko b? s? lông m?m m?n ch?t dày d?n nh?ng nên ch?n size L vì ?ng tay h?i ng?n ,5,,,,
Ch? có ?nh áo ?âu  t?i l??i ch?p l?m . V? c? b?n thì ?n áp luôn . Ch?t m?c c?ng oke. C? mà giao hàng lâu khi?p . ??t tr??c 2 hôm mà 2 món  ??t sau 2 hôm t? HCM kia nh?n ???c t? hôm qua  mà ??n ngay hà n?i t?n hôm nay m?i nh?n ???c,5,,,,
Áo ch?t l??ng l?m h?n n?u mu?n m?c r?ng nên ch?n sz to nhé giá r? nh?ng ch?t l??ng. Nên mua nhé cban không c?n suy ngh? ?âu ?,5,,,,
"Shop giao ?úng size, ch?t l??ng khá ?n. Co giãn t?t, th?m m? hôi. Ch? có ?i?u áo xanh l?i ko dc m?m và m?n nh? áo be??? H?i khó hi?u :D",5,,,,
"áo ch?t ??p kh?i bàn luôn nha,mình m49 mà 50kg m?c sizeM v?a tho?i mái luôn ? không lo ch?t nhé mng",5,,,,
"Áo nh? hình, giao hàng nhanh, ch?t v?i mát, ?ng h? hàng Vi?t Nam nha????????????????????????",5,,,,
"Dang ky thanh cong goi D5 (5000d/ngay co 1.0GB data toc do cao, het 1.0GB tinh theo goi dang su dung). Hieu luc su dung den 22:04 17/05/2021. Goi cuoc duoc gia han tu dong. Kiem tra dung luong soan DATAKM gui 888. De huy soan HUY D5 gui 888",5,,,,
Áo r?t ??p ch?t v?i t?t mua ? ?ây r?c nhìuuuuuuuuuuu l?n r?iiiiiiiiiiiiiiiiii r?t ?áng ??ng ti?nnnnnnnnnnnnnnnnn,,,,,
"Vi?t thêm cho ?? ch? ?? nh?n xu thôiiiiiiiiuuuuuuuuhdhzkakapabxnxvdlznxganzkzkzvxzbxjxnxbdowoxbbxbxjcpfjxgxbdbpdnxgdkskxbxoxbzjznnxvxoamzvzkslvzkxnxnxpsbxhdoalbxnzbxlsnzbxbzkxmbslznxkzlxb""",5,,,,
Làm sao? B? nhìn tui gi?ng fan c?a ngh? s? no.1 Billboard Hot100 2 tu?n liên ti?p r?i l?i no.2 2 tu?n liên ti?p r?i l?i no.1 r?i l?i no.2 r?i l?i ??ng th?i no.1 & no.2 r?i l?i th?ng gi?i Top Social Artist c?a BBMAs 4 n?m liên ti?p r?i l?i th?ng gi?i Favorite Social Artist & Favorite Duo or Group - P,5,,,,
áo r?t ??p ?áng mua nha mng,,,,,
r?t r?,,,,,
m?c dù shop g?i h?i ch?m nma giao thì r?t nhanh,,,,,
v?n k?p cho mình nên ?? shop 5 sao,,,,,
nma mong shop l?n sau rep ib nhanh h?n chút n?u khách có phàn nàn ?,,,,,
"áo tr?n nma ??p nha""",5,,,,
"Áo mawvj mát, ch?t m?m, mình r?t hài lòng và ?ã mua thêm 1 cái màu tímmmm",5,,,,
"V?i mát l?m luôn, mình khá khó tính trong vi?c ch?n v?i nh?ng th?y ch? này bán giá r?, v?i mát ??p, form r?ng nha các b?n, ck mình m?c thích l?m, ??nh mua cái n?a làm áo ?ôi ",5,,,,
"Giao hàng nhanh , ch?t l??ng s?n ph?m tuy?t v?i , ?óng gói hàng c?n th?n ",5,,,,
Áo xinh l?m ?,,,,,
Form khá ??p và chu?n,,,,,
B?n nào cao m58 thì m?c size L thui ?, mình m?c Xl dài quá hehe,,,,
"????????????????????????????????????????????????????????????????????????????????????????????????????????????????????????????????????????""",5,,,,
"Tr?i ?ii nói th?t là mình ph?i ?ánh giá cho shop 100 sao luôn ý áo siêu xinhh luôn, shop nhi?t tình, ph?c v? khách chu ?áo luôn áo còn ??p n?aaa v?i mát l?m nhé, hihihi mua áo c?a shop l?n ??u mà ?ng ghê luôn á :33",5,,,,
Giao hàng nhanh,,,,,
?óng gói ch?c ch?n,,,,,
Màu xanh chu?i sáng da l?m ,,,,,
Mình m55," 44 cân m?c size M """,5,,,
"i thought i was installing konosuba game, and when i played it its totally different, reading is hard indeed, lol ----------- - battle runs by itself, has auto to next stage, auto repeat stage, you will reach rank 10 in mins and unlock auto skill and s?n ph?meed up button - almost no freebies for newbies ",5,,,,
Xinh nên mua nhe mng ?iiiii ??????????????????????????????,5,,,,
"Áo v?i ??p , m?n , mát , có tag c?m ?n c?a shop , hàng ch?t l??ng , s? ?ng h? shop nx ????",5,,,,
"Hiuhiu, áo h?i b? chu?n size luôn, mình m69 m?c 2XL siêu dàii??, l?n sau rút kinh nghi?m mu?n r?ng thì XL, v?a thì L nha. Shop gói và chuy?n hàng siêu nhanh.2 days cho Hà n?i. Thêm n?a, d?ch v? ch?m sóc khách hàng c?ng vô cùng chu ?áo. Siêu recommended!",5,,,,
"Xin l?i vì ??ng ?nh không rõ s?n ph?m ?? T?i mình mua h? nên không dám m? ra, nh?ng ?ây là l?n th? 4 mua ? shop. Mình tin là s?n ph?m s? ?n ??",5,,,,
T c?ng không có gì m?i m? và thú v? v? ch?a em ?i em à em ?i em à em ?i em à em ?i em à em ?i em à em không bi?t làm th? này m?i ch? c?n b?n s? không th? b? l? nh?ng ngày,5,,,,
Ok hshbshsjsbsnsjsjsjsnsnsjsjsnsnsnznsjsnsnsnsjsjsjsnsnsnsjjsisxhxgtcdjendkxkxkndneixjcndiducbdhdjd,5,,,,
Ch?t l??ng s?n ph?m tuy?t v?i ,,,,,
?óng gói s?n ph?m r?t ??p và ch?c ch?n ,,,,,
Shop ph?c v? r?t t?t ,,,,,
R?t ?áng ti?n ,,,,,
"Th?i gian giao hàng r?t nhanh""",5,,,,
Áo v?i mát ?áng ti?n mua flashsale giá 79k cái m?i ng??i mua nên ?o kích th??c áo tr??c khi mua cho chính xác size M L XL ch? chênh nhau 1-2cm nên không chính xác khi ?o theo cân n?ng và chi?u cao mình 1m75 60kg m?c size M v?a ??p ,5,,,,
????????????????????????????????????????????????????,5,,,,
"Áo x?n. Mình mua 1c tím t? n?m ngoái mà ch?a b? xù lông,v?n co dãn. Nên mua l?i chi?c n?a hihi. Trc có 80k 1 cái thui d?o này h?i ??t ?ó nha. Mà ?áng ti?n",5,,,,
??t 4 cái 4 màu ??u ??p cho shop 5* áp mã mua 4 cái tính ra có 95k c? ship ,5,,,,
"S?n ph?m ??p h?n mong mu?n, ?ng l?m, m?c r?t thích, ch?t okla l?m luôn ?y. Chúc shop bán ???c nhi?u hàng n?a.",5,,,,
"giao hàng nhanh, áo x?n v?i mát c?c =))) mng nên mua nhé. ?óng gói c?ng k?, bai zip x?n",5,,,,
"Shop giao ?? s? l??ng, ch?t áo mát, giá t?t, ?óng gói c?n th?n, shop l?n này ??c bi?t ?? áo trong túi zip nên có th? tái s? d?ng vào vi?c khác, r?t thích luôn ?, giao hàng siêu nhanh! 5 sao cho shop!!!",5,,,,
"Áo siêu ch?tttt, màu s?c siêu chu?nnnn, shop ?óng gói hàng ?n, còn kèm l?i c?m ?n in r?t ??p, ??p c? t? cái tag áo ??p ?iiii, tag in x?n vl ch?ng nh? mình gi? l?i :)) không c? n? v?t... 10/10",5,,,,
"Áo v?i m?m, m?n và mát. Màu c?ng khá xinh nh?ng b?ng ch?n size h?i gây lú shop nên c?i thi?n. Ngoài ra thì shop chu?n bin hàng siêu nhanh m r?t ?ng",5,,,,
"L?n này h?i th?t v?ng do quá nhi?u ch? th?a, bung ch?, s?t ch?. Mong shop s? c?i thi?n. ?ã mua 4 chi?c ? shop và s? ?ng h? lâu dài n?u có c?i thi?n. ",5,,,,
"Áo ??p, ch?t mát,okkkkkkkkkkkkkkkkkkkkkkkkkkklkkkkkkkkkkkkkkkkkkkkkkkkkkkkkkkkkkkkkkkkkkkkkkkkkkk",5,,,,
Hxjjdshahajsnsnsbbshshshsbsshsbbsjsj?jh?bdbdbb?hdbd,5,,,,
"Ch?t v?i co giãn t?t và r?t m?n ko bàn cãi, áp lên da tho?i mái, m?ng v?a mát, có v? s? ko d? xù, mình 1m58 49kg m?c L ??p cho form r?ng nha nh?g mink l?y nh?m size XL nên khá to, khuy?n khích các b?n c? mink size L tr? xu?g.",5,,,,
"Nh?n ???c áo th?y ?ng l?m, ch?t dày d?n, x?n xò, s?n sale 99k th?y okela l?m",5,,,,
Áo ??p l?m ?.Em cao m68 n?ng 67kg m?c v?a ng??i ? ch? không r?ng l?m ? ,5,,,,
V?i mát ??p l?mmm ??????????????????????????????????????????????????????????????????????????????,5,,,,
"Hình ?nh không lien quan. Áo v?i t?t, ?ng! ",,,,,
"S? ti?p t?c ?ng h? shop """,5,,,,
C?u bé 17 và con xe cub 50 ??n t? Thái Nguyên quay l?i r?i ?ayyyy ??,,,,,
Th?y ?i?n Hoà Bình ngày n?ng ??p...??,,,,,
"Mong admin duy?t ?..em c?m ?n ^^""",5,,,,
"áo ??p, ch?t h?i nóng nh?ng mùa hè thì cái nào c?ng nóng thôi =)) in ?n ch?c ch?n ?óng gói s?n ph?m ??p, mua nhi?unlanan ?c t?ng m?y cái thi?p xinh, 5 saooo",5,,,,
Áo mua l?n th? t? r?i nên không còn gì ?? bàn cãi n?a :)))) ch?t x?n th?t s? luôn . Áo ??p h?n ng??i yêu nha hi tuy nhiên giao hàng l?n này kh dc nhanh ,5,,,,
??nh quá ?????????? ?úng màu cam h?p da nên tone da l?m ?... s? size XL to quá nh?ng ?? r?ng bao phê lunn.,,,,,
"S?n các th? áo còn 75k nh? này quá tuyê?t v??i kaka""",5,,,,
Áo ??p nhá ,,,,,
"Nn nên mua nh?ng tay áo ko ?c l? cho l?m ch? trên khu?u tay thôi""",5,,,,
Nó có không ít l?n trc e s? không bao gi? có chuy?n gì x?y ra v?i m?c ?ích gì thì nói th?ng ra ? ?úng không ?a gì t ?i h?c thì c?ng ph?i bi?t cách nào ,5,,,,
Ch?t áo dày d?n nh? hình khá ?ng Hàng ??p gi?ng nh? hình ch?t l??ng khá t?t s?n sale th?y r?t x?ng ?áng vì hàng qu?c t? nên ch? khá lâu ,5,,,,
"mình thich form r?ng ?ã ??t 2xl nh? shop ghi là 76 nh?ng th?c ch?t áo ch? dài 71 h?i th?t v?ng xíu , b?n nào da tr?ng m?c xinh còn da ng?m m?c dìm màu da l?m ?ó",5,,,,
"Áo siêu siêu siêu xinh, ch?t r?t mát mà l?i còn ship nhanh n?a ?, v?a ??t hôm 5/5 mà 6/5 em ?ã có áo r?i ?? s? ?ng h? nhi?u l?n n?a ?",5,,,,
S?n ph?m ok. Nh? hình. ?óng gói c?ng oke luôn. Có ?i?u giao h?i lâu. Nh?ng t? Hanoi vào tphcm nh? v?y c?ng h?p lí. Cho shop 5saoooo ,5,,,,
Sgtwhrjtsjfsjgsjtsjyetjtsistitwitwpff9?iidiuwhqhqhwhwhjwjwjwjwj,5,,,,
L?n trc mua áo tr?ng th?y v?i ??p quá lên qu?t thêm 2 cái hihu c?a t không ?i ?âu ??y em ?i em có ?i làm không có gì ?âu em ?i em có ,5,,,,
"Hàng ??p,v?i mát , m?n ko b? xù. Mình mua sale n?a nên r?t hài lòng. Ko có áo ? ?ây nên mình ch?p t?m ?nh khâc v?y ccvaaaaaaaaaa",5,,,,
Okkkkkkkkkkkkkkkkkkkkkkkkkkkkkkkkkkkkkkkkkkkkkkkkkk,5,,,,
Vshebdbd jdenske f keb? h? d dje dheensjejdnf djdnd dbjd ? d djen d reveje d r rnekr d fjee rebe rjenb?nên rb r ,5,,,,
Sãn ph?m  không m?n.   r?t nóng n?c. dài quá'  hàng kém ch?t l??ng,1,,,,
Hdjdjdjdhfjjfjfbfbfb ng ng bàc bhfbchfhfhfhjfjfjfhfhfjncbcc,1,,,,
Áo ko gi?ng trong hình ,,,,,
"Có ai ?i làm v? r?i à à a ?i à à a ha a ?i à ?óng c?a ?i ng? ?ây ch?i v?i """,1,,,,
"Shop làm ?n nh? c?c c?c ?y , làm ?n thì nh? ?b r? rách, áo bán ?? qu?n cu à mà rách nách các ki?u , nh?n tin cho shop thì không ph?n h?i",1,,,,
Ch?t l??ng áo khá ?n so v?i giá ti?n,,,,,
"Nh?ng mình ??t 2 áo tay l? thì shop giao m?t tay l? m?t tay th??ng. Nh?n tin h?i shop thì shop không rep. Không hài lòng v? vi?c này. """,1,,,,
Gxsshxbeucbeuxbshsuchdhxheuxbshsdhxhshxhshxhshdhshdh,1,,,,
Jjdnddndndndnnfnfnfnfnfnccnnfnfnfnfnfnfnfnfnfnfnfnfnfnfncncncncncncnf,1,,,,
áo tay ng?n ???,1,,,,
Áo tay quá ng?n còn b? lõi ?g may m?c vào bó c? tay ,1,,,,
Tay áo ng?n h?n r?t nhi?u so vs hình :((,1,,,,
Áo ng?n ship lâu hàng khong ??p không ok tí nào t? hàng ??n ship,1,,,,
H? tr? kém,1,,,,
