comment,rating
"V?i c?????ng , c?ng v???c? tay c? ?may to th??
¯ m?ng v???nh ch???do in n?cho shop 4 sao,4
"¯ ?n l?m ?, c? ?h?i d?, kh?hi?u ch? th?a, h? in h?i m? kh???n l?m nhma c?ng ???c. Tr? 1* v?? ?d? th??.",4
V?i m?ng ?ng tay h?i b?
 h? ko gi?ng ?nh ??h? c??? r? m?t ch? :(((((,4
2 b? h?ng v? ch?t t?m ?n. b? m?t?v?? ch?t nh?o nho?lu??h??m?c.,1
"Nh?n ?? s? l??ng,tuy nhi?th?t s? ko h?l??l?m,shop g?i h? th?y d? m?tr?s?n ph?m v?y m??n g?i cho kh? ??n ch?u,nh?n tin cho shop ko th?y shop ph?n h?i m?c d??.C?m?u kh?nh?chung ?n ph??p gi?i?n ",1
H? kh??gi?ng h?. H? fake,1
"Ch? ra l?sao, ??t ba b? kh?nhau, l?i giao hai b? m?v? y h?t nhau",1
¯ h? tim  c??? sissy girl gi?t l?b? lem. H?t s?c th?t v?ng. ,1
R?t kh?so v?i h? shop ??ng ?. M?i ng??i mua nh? ib h?i k? ?nh th?t. ??ng nh? m? nh?,2
"Shop c??i ?? ?ng c??? tr?. Nh?ng do ? xa n?m? nh?n lu??""",2
Kh?h? ho?to? ,2
"Nh?n h? th?t v?ng qu?s?n ph?m b?ngo?kh??nh shop ??ng.",2
Ch?t v?i v???ng may r?t x?u,2
Ch?t k?qu?
"B? qu?n ¯ ?? b? phai m? c??trong th? ph? m?iao l?qu?,3
M?u n?giao sai m?m? ??t b??v? m?iao b??cam.h?t m?m?h??th?y shop b?g?
M? ??t m?kh?shop l?i giao m?h?ng.  Qu?h?3
B??? ??a t?lao . Ngh? sao ??a 2 b? gi?ng nhau . ??t c?n???a c?kh? 2 c??3 c?qu?n gi?ng nhau ,3
H? ko gi?ng ?nh ch?p,3
"Tr?h? ?may n?i ??m?v?i ng??h??i nh?n ???c ?in, v?i t?m ?n. H?i ??t so v?i t?m gi?M? mua ? nh?? r? ??p h?n n?kh?h?t v?ng... h? giao nhanh",3
"1 chi?c ?b? l?i, ph??p v?i gi?i?n c?a s?n ph?m",3
H? kh??gi?ng nh? h?. V?i gi?? nh? v?y t?m ch?p nh?n ???c. Mong shop khi b???ng h? th?t ?? ng??i mua kh??b? h?t h?ng.,3
"Thun m?ng, ???ng may ko ch?c, h? in ko n? ko ??p nh? qu?ng c? nh?ng shop nhi?t t? n?cho 3 sao! ",3
Mua 3 b? ch? h?l?????c 1 b? 2 b? nh??ng v?i nha v?. V?i th??u. K?t h?p gi?a qu?n v?i ?kh??h?p. ,3
"Gi?h?? tuy nhi?ch?t li?u ko ?c ??p cho l?m, nh?ngo?c?ng ko gi?ng tr??nh. Tr????u h?n, nh? ki?u h? fake 2, fake 3 g???
S?n ph?m kh??gi?ng m?? qu?n sai m?u tr??nh m?u kh?giao h? l?i m?u kh?mong shop l?n sau ??ng ???h? ?? cho m?i ng??i d? l?a ch?n ,3
??t 5 m???h?n ???c c??m??Shop giao thi?u h? . g?i ?i?n tho?i th?o b?c m?l?ao ? ? B?c gh?3
"V?i ?m?ng te,qu?n qu?? th??ng",3
H? nh?n kh??gi?ng h?.ch?t kh???c m?l?m nh?ng gi?h? l??p l??i.,4
"H? y h?, m?r?t ??p ",4
Ch?t v?i c?ng m?m,4
"Qu?n th?h?t b??m?ng nh? m? ¯ th??? ch?t n??h?n, b? m? mua n??n may l?i",4
Ch?t ok nh?ng g?i ch?a ???m?u m? ch?n. Gi?? n?th???ng ok. ,4
"Giao h? si?nhanh, nh??nh m? ngh? l?? n?i, kh??ngh? l?? in nh? n? m?c?ng cho??n so v?i ?nh",4
"Giao h? nhanh ch?? qu?n ???p nh?ng m?i?t ra m?",4
s?n ph?m ko gi?ng trong h?. Qu?n b? v?v?t b?n. ,4
8.5kg -7 ??n 9kg h?i b?? kh??gi?ng m?y  h?ng v?u?n ok ch?t l??ng ok v?i gi?i?n,4
 B?h?? 8 kg m??i ch?t,4
Ok,4
Qu?n ko ??p nh? h?. ,4
C?h?m? ko th? giun qu?n cho l?m ,4
"V?iun n?hay xoay tr???c tr? kh???u """,4
"Ch?t v?i thun m?m,h?p v?i gi?i?n",4
H? kh??gi?ng ?nh,4
h? mua sale 35k th?ship l?5k n??hung m?h?i x?n so v?i ?nh ch?t c?ng dc ph??p gi?i?n ,4
"B? n?h?t! Shop ??i b? kh? M?s?c h?ng c?ng. Nh?ng tay thun, b??c b? ch?t ",4
"H? gi?ng m?? , ch?t li?u t??ng ??i m?m ",4
Ch?t v?i ok. M?h?i ??m so v?i h?,4
"¯ th???m?u?n th??i m?H?ng, kh??gi?ng m?u",4
C?ng ???c. M?s?c ko gi?ng h? m?u,4
Ch?t l??ng r?t r?t t?t v?i m?c m????t m?nh?ng h? c???y c?ch? th?a ,4
"s?n ph?m ch?t li?u v?i c?a qu?n kh??gi?ng tr?h?.t?m ???c,ti?n n?c?a n?y ",4
"giao nh?m 1 b?, nh?ng ok v?n d? th??ng",4
Th?y ?? gi?ao n?mua nh?ng kh?h?t v?ng. ,4
"Tuy nhi?c??b?ng m???h????ng x?ng v?i gi?i?n. """,4
2 b? m?h?ng nh?ng 1 qu?n h?ng 1 qu?n t? Qu?n ??y m?c v?i c? 2 c????u th?y l?ch ,4
Ch?t v?i t?m ?c so vs gi?i?n c??c?l?m b?n do m?? t??ng gi?t s?ch nh?ng l?i kh??s?ch. M?v? phai m?r?t m?nh,4
Ch?t v?i ok h?p v?i gi?i?n,4
??p. ,4
"M???m h?n trong ?nh, ch?a m?c th? n?ko bi?t c??a ko. Ph??p gi?i?n",5
"¯ qu?n ??p, ti?c l?h?n h? m?i bi?t m? qu?ko ?m?ale, bi?t shop ? th?b? g?n nh??n sau s? ?ng h? ti?p",5
"Ch?t v?i m?m?c th? h?p trong m???m?i t?i xa n???i h?i l? sai ph?lo?i h? ch??h?ng v?n ok",5
Ch?t l??ng ph??p v?i gi?i?n.n?u y?c?u cao h?n v? ch?t v?i c?ng nh? ???ng m?y th??n suy ngh? l?i,5
"Shop giao h? nhanh, ???g???n th?n, giao ???m????size. Ch?t li?u v?i ?n so v?i gi?",5
"Giao h? ch?m, h? ???g???n th?n. Giao ???m?u nh?ng h? c??i h??h???u.",5
"Tr??nh th??p ? ngo?ch?t v?i h?i n??m?c kh??th?m m? h??shop giao h? nhah ???g???n th?n",5
Ch?t h?i x?u ,1
M?kh??gi?ng nh? h? ??ng. ,1
"???ng may c?u th?, ?kh??gi?ng h?",2
M?qu?h?xa h?,2
9-12kg m?h?y h?i nh?,3
"T?m ?c th??i?ao so v?i ch?t l??ng ",3
H? nh?n kh??gi?ng h?.ch?t kh???c m?l?m nh gi?h? l??p l??i.,4
"¯ th??p,nh?ng qu?n h?i x?u",4
B? v? h?i kh?so v?i h? ,4
d? th??ng,4
T?m ???c,4
Ri? b? n?shop n?ch?p ?nh th?t s?n ph?m cho kh? h? ?? sock nh?,4
"B? tim v? ? ngo?m?kh?so v?i tr??nh nh?Nh?ng ch?t l??ng v?i ???c, ki?u d? d? th??ng n?Shop tr? l?i tin nh?n r?t t?n t? ",4
"Giao h? nhanh, ch?t v?i m?nh?ng m?kh????? M? ??t m?h?ng m??i giao m?t? Ch?n m?m?i ?c g???g?n gi?ng th?t, ?nh ch?p s? h?n r?t nhi?u",4
Kh?nhi?u so v?i h? nh?ng s? v?i gi?i?n th??n 4*,4
"¯ r?t ??p v?ok gi?i?n l?i r? n?a .... ch??hop mua may b???t nh?...................,...,...................",5
"M?? ngo???m h?n trong ?nh ? , v?i c?ng m?m m?i . So v?i gi?h?? so v?i ch? ? . ???g???n th?n . Giao h? kh?hanh",5
"S?n ph?m ??p, ch?t li?u m? ph??p v?i gi?i?n, giao h? nhanh, shop ph?c v? nhanh....",5
"Ch?t v?i m?m?c th? h?p trong m???m?i t?i xa n???i h?i l?,5
¯ tim v? ??p.ch?t v?i t?m OK.giao h? nhanh ch??..gi??...,5
Giao h? nhanh h? gi?ng h? ?nh v?i m?m m?n............,5
???c nha ,5
"H? gi?ng h?, ??p, v?i m? giao h? nhanh, kh??l??",5
M???m h?n trong ?nh nha mn b?0kg- 10th? m?c b? d?r?ng nha. Giao h? si?nhanh!!!!!!!!!!!!!!!!,5
"Ch?t li?u ok, ?? ??p l?m..............................",5
"Qu?n ?r?t xinh, ph??p v?i gi?i?n, ch?n ???size cho b??k nh??m?.",5
"S?n ph?m ph??p v?i gi?i?n . Ch?t v?i n??, gi??ng nhanh . M?u m?i?ng h? nh?ng ch?t li?u kh????p ",5
Em ??h?n ???c h? ???m?u m?u v?i m?m n??hung l?k.,
"C??p s? ?ng h? shop n?a""",5
?? ??p l?m nha ? b??c ok xinh l?m nha c?mom h??i n?m?c b? n?r?t m?v?i c?ng oke l?m nha,5
"Shop giao ???m?u, giao nhanh. Set 5 b? in h? h?i x?u nh?ng v?i gi??th??n ok. T?ng shop 5*. S? c??i?p t?c mua.",5
Shop giao ?? s? l??ng.???m????m?u.tuy m?t?h?i bu?n ch??hung ch?t v?i m?m m?n.,5
"chu?n b? h? si?nhanh, Ch?t oke nh?h? tr?tim kia kh??gi?ng m?u l?m, ??t nh?m 2 b? xanh y nhau ms bu?n",5
S? sz ko ???n??0 k?? ??a 50ky mang c?ng ko v?a ,1
v?i m?ng ,1
kh?h? kh??n?mua,1
c? m?c th??n ok??????,2
"Ch?t x?u, m?ng nh?  kh??ph??p v?i gi?i?n",2
"V?i m?ng n?u mang n?i y m??en th?? d? b? th?y , c? m?i?n n?c?a n?y thui ",3
"H?i bu?n shop ?. Trong h? th???? ? qu?n v?ay ?nh?ng m?? v? l?i kh??nh? v?y. nh?ng m?rom r?ng n?e ?ng, cho shop 4* th??h?4
¯ b? ? 2 b?tay ?nnay ch?c ch?n kh??t?y ???c,
"Form qu?n nh? n?mn c?nh?c size nh?",4
"Ai mu?n m?c r?ng th?? XL nh??u?n form nh? l?m ?""",4
?? oki l?m ?ha,4
Fom xinh ,4
"M? m57 47kg m?c L th?y oki n?"",5
"H? ??p nha, ch?t li?u m? kh??nhi?u ch? th?a, v?i gi?i?n n?th?u??ng c?b?ng lun, s? ?ng h? shop nh?ng l?n sau.",5
"ch?t l??ng ph??p gi?? nha , r?ng r?tho?i m? m?c v?m???h???b?lu??ha ",5
"s?n ph?m ph??p v?i gi?i?n , ch?t m?c m?",5
¯ ??p nha m?i ng??i. V?i m?l?m ,
"nh?ng m? ??t sz xl r?i v?n th?y ?h?i ng?n ?",5
H? ??p v?i m?ng ch?t l??ng shipper th?thi?n m?i ng??i n?mua ,5
Ch?t c?? h?i m?ng nh?ng ko sao  m?c r?t m?5
"Nhi?u ch? th?a, ch?t c?ng t?m ???c, kh??bi?t gi?t c??ai m?kh??n?mua v? c? v?t t? l?nh 2 h???i b? ra gi?t",5
H? r?t ??p v?i m?5
"H? ??p l?m lu??hop ?, tuy nhi?v?i h?i m?ng nh?ng ch?t r?t m?l?n sau l?i ?ng h?",5
Si???p lu??ha,5
Ch?t l??ng s?n ph?m tuy?t v?i ???g???n ph?m r?t ??p r?t ?ng nha,5
R?t ?ng,5
S?n ph?m h?i m?ng nh?ng v?i gi?i?n nh? th? th??p l?........,5
Ok nh?5
Ch?t m?ng m?. R?t ??p n?mua nha. C???u l?h? th?a ch?a c?t h?t ? . T???i l??p n?mua ? m?c th? l?m,5
H? r?t ??p tuy nhi? ?h?i ng?n  shop ???h? c?n th?n ,5
V?i h?i m?ng nh?ng v?i gi??y th??ng g?i l?u?k r?i ? ,5
Tuy?t l?m n?mua nha,5
S?n ph?m r?t t?t nha mn ,5
V?i r?t ok lu??t? mua 2 b? lu??,5
V?i ?n ??p,5
??p l?m nha n?mua ?,5
Ch?t ?m?,5
Gi??t oke,5
"Form ?x?u, ng?n ?i l?g?n",2
R?ng vc?  nh?ng ch?t ?c nha,3
?m?c m?nh?ng kh?? nh?n. m? m?i m?c 1 l?n ??h?y ph?n c? b? d?3
ch?t h?i th??
"¯ r?t m?ng, tr? l?i tin nh?n r?t ch?m",3
"s? ch?, ch? th?a nhi?u, n??hung l?hua b?trung g?p nhi?u l?n, m? mua l?n ??u ti?c?ng nh? l?n cu?i c??",3
"ch?t v?i c?ng t?m ???c (v?uy nhi?l?h??b?ng ch?t b?trung r?i)""",3
V?i ??p nh?ng ?size xl th?g?n tay ?c?ng ng?n n??hung l??m ?n v?i gi?
Giao nhanh nh?ng nh?n ?v? kh?h?t v?ng v???kh??gi?ng trong ?nh :( ch?t c?ng kh?v?i ?nelly m? order b?Trung v?,3
ti?n n?c?a n?y ti?n n?c?a n?y ti?n n?c?a n?y ti?n n?c?a n?y ,4
m?c t?m t?m kh????p l?m h?i m?ng ,4
"mua c?a shop nhi?u r?i m??t n?shop chu?n b? h? h?i l? ph?n h?i tin nh?n c?ng ch?m.",4
"??c ?? gi??a m?i ng??i th?y b?o ?ng?n n?m?ch?n size xxl nh?ng m? m?c si?r?ng, m? cao 1m66 50kg",4
"Ch?t v?i kh??p, kh??d?c?ng kh??m?ng nh?ng c??? nh?xuy?qua. Khuy?mn kh??n?ch?n m?tr?ng v?? b? l?. ",4
S?n ph?m oke.,4
"Ch?t l??ng s?n ph?m ko ??u. ¯ ?en v?? v?i ?n, ???ng may ch?c. ¯ tr?ng v?i m?ng, ???ng may s? s? d? ch? nhi?u",4
Giao m?nh?t h?n so v?i ?nh ,4
V?i t?m ???c,4
"¯ kh????p b?ng l?n trc, v?i c?ng c?? n??h?n",4
"V?i c?? n??v?? gi?, ???ti?n ",4
"M65 55kg m?c v?a nha,v?i n?? m? th?y chi?c n?v?i m?y chi?c c??nh gi?65 ?y v?i g?n nh? nhau lu??4
?c?ng ok c??ch??h? th?a,4
V?i m?nh?ng kh??ng,4
"Form ?n""",4
"V?i ?n, ?? d??ng, c? ?h?i b?o v?i mong ??i. ",4
¯ n??4
¯ t?b? v?t m? ch? n?p g?p,4
"Ch?t ????c, vi?n c? ?n?u thi?t k? nh? h?n th?o s? ??p h?n",4
¯ ?en phai l?m ,4
¯ d?d?n th?m h??? h??h?n size to nh?t nh?ng theo m? ch? v??a ng??i ,4
"?m?xinh l?m ?, v?i d?d?n n?c?? s? h?i n??1 ch??shop chu ??nh?n tin b?h? c?n th?n t? m?, ?ki?u d? nh? n???t size XXL l?h??qu?o, c?b?n t?m 55-60 ??t l?kie ?n nh?5
"?h?ng n?m?? ngo?xinh h?n m?h?p l?h? kh?????m?""",5
"¯ si???p lu??h?m?y h? ch?t m?,5
L?n ??u mua ?tr?m?ng m???c n?si?th? lu?? ,5
L?n sau c???n s? ?ng h? shop ti?p,5
"¯ v?i ??p, gi??. ??t m?cam m??nh?n v? kh??gi?ng h?, n?? m??? cam ???h?n. th???ng ???c, s? ?ng h? l?n sau ",5
?m?l?m nha ,5
"Ship h? nhanh, ???o l?m ?, s? nh? m??ng m?l?m nha, kh??h? b? m?ng d? ??nh?m?t?? ngo?si?xinh lu??5
"Quay c?n ch?t cho m?i ng??i xem n??d?d?n m?c v?n kh??? Giao h? nhanh. ¯ t?ch?t m?h?n ?h?ng ",5
?ch?t li?u r?t ??p m?i??i ph?i ch?ng,5
"s? ti?p t?c ?ng h? shop """,5
"Cool. ¯ gi?t r?i n?kh??c?? ch?p. ¯ gi?ng y h?, v?i cotton d?d?n. M? cao 1m57 n?ng 50kg ??t size XL h?i d?v??ng x? Nh?ng ns chung l??p v?? ti?n",5
Gi?t tay 1 l?n m?ao c?m gi??d?qu?h?,5
"Shop ???g???n th?n, h? giao nhanh. ¯ ??p form r?ng m?i?u??p l????5
"v?i m?, m?xinh ???nh? ?nh , mua l??ale n?r?t ?n cho 1 chi?c ?thun",5
"Ch?t l??ng s?n ph?m t?t. V?i ?d? l?form ??p. Th?i gian giao h? nhanh",5
¯ ??p m?c tho?i m?kh??c??h ch?p ?n?l?y t?m ?nh n??,5
H? ??p nha,5
M? ??t 2 c? C?t?c??i m?ng v??h?n. Giao h? ?? s? l??ng,5
"Form v??i ok nha, c?ng kh??c?? ?? ch??, shop kh?? y?,5
"¯ ??p, m???p, xinh, mua ??n c?th? 7 ? shop r?i, shipper th?thi?n",5
¯ ??p l?m nha m?i ng??i m? th? ch?t c?a ?thun tr?n h?n n?5
"¯ ch?t l??ng ??nh c?a ch??ha, d?v?a ph?i, ch?t t?t kh??h? n?? M? ??ua l?n th? 2 v?h?c ch?n s? c??ng h? ti?p. M?y?shop ? :)",5
"¯ ??p , ph??p gi?i?n ",5
??p,5
"¯ ??p, m? m55, 45kg m?c size xl th? m?c from r?ng xl qu?inh s? ti?p t?c ?ng h?",5
"l?n sau s? ti?p t?c ?ng h? shop ^^""",5
"¯ giao ???m? v?i ok. ",5
"¯ xinh, x?n, m?n gi?k ",5
"Giao h? nhanh, ???g???p v? ch?t l??ng th?h?y m?t?ok h?n ? ch? m??en h?i d?c? , x?ng gi?i?n ",5
?xinh m??i t?i ng??i tui l???c tr??nh? c?v?5
X?n l?m lu??
?n,5
V?i gi?i?n n?th?h?t l??ng qu?ke r?i. Giao h? nhanh shop t? v?n r?t nhi?t t? n??hung s? ?ng h? shop nhi?u l?n n?a.,5
s?n ph?m t?t,5
??p ??p ??p ??p ??p ??p ??p ??p ??p,5
"¯ ch?t si?m? v?i ??p,from ??p, shop ?? iu tuy nhi?h?i nhi?u b?i v?i n?l?u ???t tr??c khi m?c",5
C?? d?d?n nom d? chu?n h?n ,5
giao h? nhanh . ??n v?i??ng ok n?kh?ng . s? mua ti?p nh?
??p ch?t m?nh?ng h?i m?ng m?xinh form chu?n,5
?????nh lu??5
r?t ?? ti?n n?mua nha m?i ng??i ?i,5
Giao h? h?i l?x?nh?ng b??i ?r?t ??p nha r?t n?mua lu??!!! L?i c??i?r? n?a,5
¯ t?m ?n ch?t h?i n??5
"Ch?t ?r?t ??p, gi??, s? mua l?i l?n n?a ",5
"Mua l?n 2, v?a ??p v?a r?, ch?t c?ng ?n, v?a gi?i?n,m?c nhi?u gi?t nhi?u kh??bi?t b? nh?kh??,5
Ch?t l??ng s?n ph?m n?tuy?t v?i nh?t ???g???n ph?m n?tuy?t v?i nh?t ,5
V?i ok v?i gi?h?ng m?tr?ng th?? th?y h?n n?i y kh???
"Ch?t li?u ??n ph??p v?i gi?i?n, giao h? nhanh t?m 2 ng?c??ng",5
¯ xinh ch?t ok so v?i gi?i?n,
"¯ ??p, ch?t m? m?c th?, s? mua th?,5
"¯ ??p l?m nha, ?l?n 2 m? mua th??h?n l?n 1 d??ng 1 c? nh?ng n??hung ?ng l?m l?m ",5
¯ ??p ngon b? r? mua ?ungs l??ale  giao h? l?mag ko h? nha,5
Ch?t v?i ok l?m nha,5
M?c th? ? ,5
"¯ ??p, m?t???m h?n so v?i tr?h?. Ch?t v?i c?ng ?n, mua d?p sale n?gi??t.",5
"¯ xinh, da?y d?n, form ??p, nh?ng size xl m?o lm, ship nhanh n?mua ",5
Ok,5
¯ xinh ch?t ok m?cam h?i thi?v? ?? ch???.s? mua n?aaa,5
¯ ??p ch?t v?i cotton. ??t xl m?? ?h?i b?((((((((((((((,5
M?? ngo???m h?n v??p h?n nhi?u kh??hi?u sao l??nh m?kh?v?y,5
"¯ ??p, size 2xl r?i m??n nh? qu?5
"¯ ??p l?m nha  , m????h?m th?m n?a . D? l???p . Ch?t c?ng OK lu??? Shop nhi?t t? . Giao h? h?i l?x?. C???i ??u r?t t?t",5
Th? xinh l?m lu??h?c ch?n m? s? mua th?5
"?v?i m?ng, si?nh? v?i tho? m? r?ng r?tho?i m?l?m lu??",5
ch?t v?i ok. kh??qu??c?ng kh??qu??ng. n?mua ,5
"Mua 2 chi?c m?h?t v?i kh?nhau, n??hung l?h?t ??p :)))",5
R?t tuy?t v?i ?,5
"¯ d?d?n, tho?i m?ch?t ?kh??b? x??5
¯ ??p v?i r?t ok ,5
"¯ r? vai, v?i n??, th?t v?ng !",1
¯ x?u ng?n,1
Ch?t l??ng qu??,2
¯ r?t ??p nh?ng c? ?x?u ko th? h? tr??3
"¯ r?t h?p v?i gi?ale, ?ko ??p l?m",3
¯ m?ng qu?
¯ ko ???c ??p cho l?m v?i m?ng .???ng ch? th?a nhi?u,3
Ti?n n?c?a ???i chung l?h?u chi ti?n th?h?t l??ng s? kh?4
"T?m ?n, m?c h?i n??t??
V?i h?i th?a ch?,4
T???c?n th?n ch?t l??ng ?ok nh?ng h?i m?ng ,4
¯ h?i b?n x?4
Kh?ng ,4
V?i gi??m n?r?t ok ,4
?kh?k.. ,4
"¯ h?i m?ng, ???ng ch? m?i mua ???c",4
¯ ??p m??i h?i m?ng ?.,4
?h?i x?,4
Ch?t h?i n??4
h? kh?k,4
H?i ng?n so v?i t??ng t??ng. ,4
?ph?i g?i l??nh lu??h?v?i c?gi??th?h??ch???????c. ,5
"""¯ ??p - nh? ?nh!",5
Nh?ng gi?? th??i g?h??mua ?ng h? ,5
"Gi?? m?u?c c???ng th?c s?, v?i ??p l?m nha. Giao h? nhanh..",5
"??p, ch?t v?i d?d?n, l?n ??u ti?mua c?a shop qua l?i ?? gi??a m?i ng??i nh?ng r?t ch?t l??ng",5
"Giao h? si?nhanh. M? c???c c?n g?p n?nh?n shop giao nhanh, kh??ng? l?i nhanh th?t v?i c?ng r?t ok. S? mua l?i",5
"¯ r?t ??p, shop r?t nhi?t t? chu ?? c?? th? c?m ?n trong g???, qu??ng c? ph?c v? lu??ch?t v?i c?c k? m?n m?c m?, n??hung r?t l?k shop ?.",5
Ch?t ?theo m? l??i m?ng,5
¯ ??p giao h? nhanh ???g??h?c ch?n,5
¯ gi?? nh?ng m?h?t ??p m?c m?n??hung l?ng l?m nha m?i ng??i ,5
¯ v?i c?ng OK `m?i ng??i,5
¯ gi?? shop ???g??? c? ch?t v?i m?kh?n so v?i gi?i?n,5
Ch?t ok so v?i gi?i?n ,5
Giao h? nhanh,5
"???g???n th?n""",5
V?i h?i m?ng v???5
V?i gi??y m? th?y h?p l??i,5
R?t h?l??v? s?n ph?m c?a shop. Shop ship r?t nhanh nha ?????????,5
"V?i kh??ng c?? n??nh?ng ph??p v?i gi?i?n r?i ?,kh??????i g?hi?u v?i gi???ip nhanh,shop c?n th?n b? v?t??ip cho",5
"H? giao nhanh s? ?ng h? shop nhi?u """,5
Giao h? kh?hanh. Ch?t v?i t?t. M?i t?i m? th?y ch? kh?? bong v????t h??
s?n ph?m ??p l?m nha,5
Shop g???t???t l?ch s?,5
"??l??n ph?m ?ng nh?t c?a m?""",5
¯ t?m ?n. N??hung c?ng ok,5
"S?n ph?m t?t, ??p, ?? mua c?b?n n?th? nh?,5
¯ ??p ph??p v?i gi?i?n.,5
V?i ??p n?mua nha m?i ng??i ???p ch?t l??ng v?i c?ng t?m ?n ........,5
"???g???n ph?m ch?c ch?n, ch?t l??ng ph??p v?i gi?i?n, giao h? nhanh",5
"giao nhanh, m???p, ch?t v?i kh??d?n nh?ng tr?i n?ng th???? m?c h?i n?? ",5
Th?i gian giao h? nhanh ch?t l??ng s?n ph?m ph??p v?i gi?i?n,5
"??n ?, ph??p v?i gi??a n??5
Giao h? nhanh. Ch?t c?i d?d?n. N?mua nha ,5
