comment;rating
Vแบฃi cรณ chรบt mแปng , cแปฉng vร nรณng cแป tay cแป รกo may to thรด;4
รo mแปng vร cรณ dรญnh chรบt mรu do in nรชn cho shop 4 sao;4
รo แปn lแบฏm แบก, cแป รกo hฦกi dฦก, khรก nhiแปu chแป thแปซa, hรฌnh in hฦกi mแป khรดng แปn lแบฏm nhฦฐng mร cลฉng ฤฦฐแปฃc. Trแปซ 1* vรฌ cแป รกo dฦก thรดi แบก.;4
Vแบฃi mแปng แปng tay hฦกi bรฉ ;4
 hรng ko giแปng แบฃnh ฤรฃ thแบฟ cรฒn bแป rรกch mแปt chแป :((((( ;4
2 bแป hแปng vรng chแบฅt tแบกm แปn. bแป mรu tรญm vร ฤแป chแบฅt nhแบฃo nhoรฉt luรดn khรดng mรช dc . ;1
Nhแบญn ฤแปง sแป lฦฐแปฃng,tuy nhiรชn thแบญt sแปฑ ko hรi lรฒng lแบฏm,shop gแปญi hรng thแบฅy dรญnh mรu trรชn sแบฃn phแบฉm vแบญy mร vแบซn gแปญi cho khรกch ฤแบฟn chแปu,nhแบฏn tin cho shop ko thแบฅy shop phแบฃn hแปi mแบทc dรน cรณ.Cรกc mแบซu khรกc nhรฌn chung แปn phรน hแปฃp giรก tiแปn 	;1
Hรng khรดng giแปng hรฌnh. Hรng fake	;1
Chแบฃ ra lรm sao, ฤแบทt ba bแป khรกc nhau, lแบกi giao hai bแป mรu vรng y hแปt nhau	;1
รo hรฌnh tim  cรณ chแปฏ sissy girl giแบทt lรชn bแป lem. Hแบฟt sแปฉc thแบฅt vแปng. 	;1
Rแบฅt khรกc so vแปi hรฌnh shop ฤฤng แบก. Mแปi ngฦฐแปi mua nhแป ib hแปi kฤฉ แบฃnh thแบญt. ฤแปซng nhฦฐ mรฌnh nhรฉ. 	;2
Shop cรณ gแปฃi รฝ ko ฦฐng cรณ thแป trแบฃ. Nhฦฐng do แป xa nรชn mรฌnh nhแบญn luรดn. "	;2
Khรกc hรฌnh hoรn toรn. 	;2
Nhแบญn hรng thแบฅt vแปng quรก, sแบฃn phแบฉm bรชn ngoรi khรกc แบฃnh shop ฤฤng.	;2
Chแบฅt vแบฃi vร ฤฦฐแปng may rแบฅt xแบฅu	;2
Chแบฅt kรฉm quรก	;2
Bแป quแบงn รo ฤแป bแป phai mรu, cรนng trong thรnh phแป mร giao lรขu quรก.	;3
Mแบซu nรy giao sai mรu.mรฌnh ฤแบทt bรณng vรng mร giao bรณng cam.hแบฟt mรu mร khรดng thแบฅy shop bรกo gรฌ	;3
Mรฌnh ฤแบทt mรu khรกc shop lแบกi giao mรu hแปng.  Quรก chรกn	;3
Bรกn ฤแป ฤฦฐa tรo lao . Nghฤฉ sao ฤฦฐa 2 bแป giแปng nhau . ฤแบทt cรกi nรy ฤฦฐa cรกi khรกc  2 cรกi รกo 3 cรกi quแบงn giแปng nhau 	;3
Hรng ko giแปng แบฃnh chแปฅp	;3
Trรชn hรฌnh รกo may nแปi ฤรกm mรขy vแปi ngรดi nhร lแบกi nhแบญn ฤฦฐแปฃc รกo in, vแบฃi tแบกm แปn. Hฦกi ฤแบฏt so vแปi tแบงm giรก. Mรฌnh mua แป nhร hรnh rแบป ฤแบนp hฦกn nรชn khรก thแบฅt vแปng... hรng giao nhanh	;3
1 chiแบฟc รกo bแป lแปi, phรน hแปฃp vแปi giรก tiแปn cแปงa sแบฃn phแบฉm	;3
Hรng khรดng giแปng nhฦฐ hรฌnh. Vแปi giรก cแบฃ nhฦฐ vแบญy tแบกm chแบฅp nhแบญn ฤฦฐแปฃc. Mong shop khi bรกn ฤฤng hรฌnh thแบญt ฤแป ngฦฐแปi mua khรดng bแป hแปฅt hแบซng.	;3
Thun mแปng, ฤฦฐแปng may ko chแบฏc, hรฌnh in ko nรฉt, ko ฤแบนp nhฦฐ quแบฃng cรกo, nhฦฐng shop nhiแปt tรฌnh nรชn cho 3 sao! 	;3
Mua 3 bแป chแป hรi lรฒng ฤฦฐแปฃc 1 bแป 2 bแป nhร hแปng vแปi nha vรng. Vแบฃi thรด xแบฅu. Kแบฟt hฦกp giแปฏa quแบงn vแปi รกo khรดng hแปฃp. 	;3
Giรก khรก rแบป tuy nhiรชn chแบฅt liแปu ko ฤc ฤแบนp cho lแบฏm, nhรฌn ngoรi cลฉng ko giแปng trรชn แบฃnh. Trรดng ฤแปu hฦกn, nhฦฐ kiแปu hรng fake 2, fake 3 gรฌ ฤรณ	;3
Sแบฃn phแบฉm khรดng giแปng mรด tแบฃ quแบงn sai mแบซu trรชn แบฃnh mแบซu khรกc giao hรng lแบกi mแบซu khรกc mong shop lแบงn sau ฤฤng ฤรบng hรฌnh ฤแป cho mแปi ngฦฐแปi dแป lแปฑa chแปn 	;3
ฤแบทt 5 mรณn mร nhแบญn ฤฦฐแปฃc cรณ 4 mรณn. Shop giao thiแบฟu hรng . gแปi ฤiแปn thoแบกi thรฌ ko bแบฏc mรกy lร sao แบก ? Bแปฑc ghรช 	;3
Vแบฃi รกo mแปng te,quแบงn quรก bรฌnh thฦฐแปng	;3
Hรng nhแบญn khรดng giแปng hรฌnh.chแบฅt khรดng ฤc mรกt lแบฏm nhฦฐng giรก thแบฟ lร hแปฃp lรฝ rแปi.	;4
Hรng y hรฌnh, mรu rแบฅt ฤแบนp 	;4
Chแบฅt vแบฃi cลฉng mแปm	;4
Quแบงn thรฌ chแบฅt bรบn, mแปng nhแบน mรกt. รo thรฌ cรณ vแบป chแบฅt nรณng hฦกn, bแป mรฌnh mua nรณ cรฒn may lแปi	;4
Chแบฅt ok nhฦฐng gแปญi chฦฐa ฤรบng mแบซu mรฌnh chแปn. Giรก rแบป nรชn thรดi cลฉng ok. 	;4
Giao hรng siรชu nhanh, nhรฌn แบฃnh mรฌnh nghฤฉ lร hรฌnh nแปi, khรดng nghฤฉ lร hรฌnh in nhฦฐ nรy, mรu cลฉng choรฉ hฦกn so vแปi แบฃnh	;4
Giao hรng nhanh chรณng, quแบงn รกo ฤแบนp nhฦฐng mร giแบทt ra mรu 	;4
sแบฃn phแบฉm ko giแปng trong hรฌnh. Quแบงn bแป vรi vแบฟt bแบฉn. 	;4
8.5kg -7 ฤแบฟn 9kg hฦกi bรฉ vรng khรดng giแปng mแบฅy  hแปng vร quแบงn ok chแบฅt lฦฐแปฃng ok vแปi giรก tiแปn	;4
 Bรฉ nhร mรฌnh 8 kg mร hฦกi chแบญt	;4
Ok	;4
Quแบงn ko ฤแบนp nhฦฐ hรฌnh. 	;4
Cรก nhรขn mรฌnh ko thรญch giun quแบงn cho lแบฏm 	;4
Vรฌ giun nรy hay xoay trรฒn mแบทc trแบป khรณ chแปu "	;4
Chแบฅt vแบฃi thun mแปm,hแปฃp vแปi giรก tiแปn	;4
Hรng khรดng giแปng แบฃnh	;4
hรng mua sale 35k thรชm ship lร 15k nรณi chung mรu hฦกi xแปn so vแปi แบฃnh chแบฅt cลฉng dc phรน hแปฃp giรก tiแปn 	;4
Bแป nรy hแบฟt! Shop ฤแปi bแป khรกc. Mรu sแบฏc hแปng cฦฐng. Nhฦฐng tay thun, bรฉ mแบทc bแป chแบญt 	;4
Hรng giแปng mรด tแบฃ , chแบฅt liแปu tฦฐฦกng ฤแปi mแปm 	;4
Chแบฅt vแบฃi ok. Mรu hฦกi ฤแบญm so vแปi hรฌnh	;4
รo thรฌ ฤรบng mร quแบงn thรฌ lแบกi mรu Hแปng, khรดng giแปng mแบซu	;4
Cลฉng ฤฦฐแปฃc. Mรu sแบฏc ko giแปng hรฌnh mแบซu	;4
Chแบฅt lฦฐแปฃng rแบฅt rแบฅt tแปt vแบฃi mแบทc mรนa hรจ rแบฅt mรกt nhฦฐng hรng cรฒn mแบฅy cรกi chแป thแปซa 	;4
sแบฃn phแบฉm chแบฅt liแปu vแบฃi cแปงa quแบงn khรดng giแปng trรชn hรฌnh.tแบกm ฤฦฐแปฃc,tiแปn nรo cแปงa nแบฅy 	;4
giao nhแบงm 1 bแป, nhฦฐng ok vแบซn dแป thฦฐฦกng	;4
Thแบฅy ฤรกnh giรก cao nรชn mua nhฦฐng khรก thแบฅt vแปng. 	;4
Tuy nhiรชn cรดng bแบฑng mร nรณi thรฌ nรณ tฦฐฦกng xแปฉng vแปi giรก tiแปn. "	;4
2 bแป mรu hแปng nhฦฐng 1 quแบงn hแปng 1 quแบงn tรญm. Quแบงn ฤแบฅy mแบทc vแปi cแบฃ 2 cรกi รกo ฤแปu thแบฅy lแปch 	;4
Chแบฅt vแบฃi tแบกm ฤc so vs giรก tiแปn cรณ 1 cรกi lแบฅm bแบฉn do mร cแปฉ tฦฐแปng giแบทt sแบกch nhฦฐng lแบกi khรดng sแบกch. Mรu vรng phai mรu rแบฅt mแบกnh	;4
Chแบฅt vแบฃi ok hแปฃp vแปi giรก tiแปn	;4
ฤแบนp. 	;4
Mรu ฤแบญm hฦกn trong แบฃnh, chฦฐa mแบทc thแปญ nรชn ko biแบฟt cรณ vแปซa ko. Phรน hแปฃp giรก tiแปn	;5
รo quแบงn ฤแบนp, tiแบฟc lร nhแบญn hรng mแปi biแบฟt mรฌnh quรชn ko รกp mรฃ sale, biแบฟt shop แป thรกi bรฌnh gแบงn nhร lแบงn sau sแบฝ แปงng hแป tiแบฟp	;5
Chแบฅt vแบฃi mรกt mแบทc thรญch hแปฃp trong mรนa hรจ, mแปi tแปi xa nรชn ฤแปฃi hฦกi lรขu, sai phรขn loแบกi hรng chรบt nhฦฐng vแบซn ok	;5
Chแบฅt lฦฐแปฃng phรน hแปฃp vแปi giรก tiแปn.nแบฟu yรชu cแบงu cao hฦกn vแป chแบฅt vแบฃi cแปฅng nhฦฐ ฤฦฐแปng mแบฅy thรฌ cแบงn suy nghฤฉ lแบกi	;5
Shop giao hรng nhanh, ฤรณng gรณi cแบฉn thแบญn, giao ฤรบng mรu ฤรบng size. Chแบฅt liแปu vแบฃi แปn so vแปi giรก !	;5
Giao hรng chแบญm, hรng ฤรณng gรณi cแบฉn thแบญn. Giao ฤรบng mแบซu nhฦฐng hรng cรณ mรนi hรดi khรณ chแปu.	;5
Trรชn แบฃnh thรฌ ฤแบนp แป ngoรi chแบฅt vแบฃi hฦกi nรณng mแบทc khรดng thแบฅm mแป hรดi, shop giao hรng nhah ฤรณng gรณi cแบฉn thแบญn	;5
Chแบฅt hฦกi xแบฅu 	;1
Mรu khรดng giแปng nhฦฐ hรฌnh ฤฤng. 	;1
ฤฦฐแปng may cแบฉu thแบฃ, รกo khรดng giแปng hรฌnh	;2
Mรu quรก khรกc xa hรฌnh	;2
9-12kg mร thแบฅy hฦกi nhแป	;3
Tแบกm ฤc thรดi,giรก cao so vแปi chแบฅt lฦฐแปฃng 	;3
Hรng nhแบญn khรดng giแปng hรฌnh.chแบฅt khรดng ฤc mรกt lแบฏm nh giรก thแบฟ lร hแปฃp lรฝ rแปi.	;4
รo thรฌ ฤแบนp,nhฦฐng quแบงn hฦกi xแบฅu	;4
Bแป vรng hฦกi khรกc so vแปi hรฌnh 	;4
dแป thฦฐฦกng	;4
Tแบกm ฤฦฐแปฃc	;4
Riรชng bแป nรy shop nรชn chแปฅp แบฃnh thแบญt sแบฃn phแบฉm cho khรกch hรng ฤแปก sock nhรฉ. 	;4
Bแป tim vรng แป ngoรi mรu khรกc so vแปi trรชn แบฃnh nhรฉ. Nhฦฐng chแบฅt lฦฐแปฃng vแบฃi ฤฦฐแปฃc, kiแปu dรกng dแป thฦฐฦกng nรจ. Shop trแบฃ lแปi tin nhแบฏn rแบฅt tแบญn tรฌnh 	;4
Giao hรng nhanh, chแบฅt vแบฃi mรกt nhฦฐng mรu khรดng ฤรบng. Mรฌnh ฤแบทt mรu hแปng mร lแบกi giao mรu tรญm. Chแปn mรฃi mแปi ฤc gรณc mรu gแบงn giแปng thแบญt, แบฃnh chแปฅp sรกng hฦกn rแบฅt nhiแปu	;4
Khรกc nhiแปu so vแปi hรฌnh nhฦฐng sแป vแปi giรก tiแปn thรฌ vแบซn 4*	;4
รo rแบฅt ฤแบนp vรฃi ok giรก tiแปn lแบกi rแบป nแปฏa .... chรบc shop mua may bรกn ฤแบฏt nhรฉ.....................,...,...................	;5
Mรu แป ngoรi ฤแบญm hฦกn trong แบฃnh แบก , vแบฃi cลฉng mแปm mแบกi . So vแปi giรก thรฌ rแบป so vแปi chแปฃ แบก . ฤรณng gรณi cแบฉn thแบญn . Giao hรng khรก nhanh	;5
Sแบฃn phแบฉm ฤแบนp, chแบฅt liแปu mรกt, phรน hแปฃp vแปi giรก tiแปn, giao hรng nhanh, shop phแปฅc vแปฅ nhanh....	;5
Chแบฅt vแบฃi mรกt mแบทc thรญch hแปฃp trong mรนa hรจ, mแปi tแปi xa nรชn ฤแปฃi hฦกi lรขu	;5
รo tim vรng ฤแบนp.chแบฅt vแบฃi tแบกm OK.giao hรng nhanh chรณng...giรก rแบป...	;5
Giao hรng nhanh hรng giแปng hรฌnh แบฃnh vแบฃi mแปm mแปn............	;5
ฤฦฐแปฃc nha 	;5
Hรng giแปng hรฌnh, ฤแบนp, vแบฃi mรกt, giao hรng nhanh, khรก hรi lรฒng.	;5
Mรu ฤแบญm hฦกn trong แบฃnh nha mn bรฉ 10kg- 10thรกng mแบทc bแป dรi rแปng nha. Giao hรng siรชu nhanh!!!!!!!!!!!!!!!!	;5
Chแบฅt liแปu ok, ฤแป ฤแบนp lแบฏm..............................	;5
Quแบงn รกo rแบฅt xinh, phรน hแปฃp vแปi giรก tiแปn, chแปn ฤรบng size cho bรฉ lร ok nhรฉ cรกc mแบน.	;5
Sแบฃn phแบฉm phรน hแปฃp vแปi giรก tiแปn . Chแบฅt vแบฃi nรณng , giรณ hรng nhanh . Mแบซu mรฃ giแปng hรฌnh nhฦฐng chแบฅt liแปu khรดng ฤแบนp 	;5
Em ฤรฃ nhแบญn ฤฦฐแปฃc hรng ฤรบng mแบซu mแบซu vแบฃi mแปm nรณi chung lร ok.	Cรณ dแปp sแบฝ แปงng hแป shop nแปฏa"	;5
ฤแป ฤแบนp lแบฏm nha แบก bรฉ mแบทc ok xinh lแบฏm nha cรกc mom hรจ rแปi nรชn mแบทc bแป nรy rแบฅt mรกt vแบฃi cลฉng oke lแบฏm nha	;5
Shop giao ฤรบng mแบซu, giao nhanh. Set 5 bแป in hรฌnh hฦกi xแบฅu nhฦฐng vแปi giรก nรy thรฌ vแบซn ok. Tแบทng shop 5*. Sแบฝ cรฒn tiแบฟp tแปฅc mua.	;5
Shop giao ฤแปง sแป lฦฐแปฃng.ฤรบng mรu ฤรบng mแบซu.tuy mรu tรญm hฦกi buแปn chรบt.nhung chแบฅt vแบฃi mแปm mแปn.	;5
chuแบฉn bแป hรng siรชu nhanh, Chแบฅt oke nhรฉ, hรฌnh trรกi tim kia khรดng giแปng mแบซu lแบฏm, ฤแบทt nhแบงm 2 bแป xanh y nhau ms buแปn	;5
Sแป sz ko ฤรบng nรณi 70 kรฝ mร ฤฦฐa 50ky mang cแปงng ko vแปซa 	;1
vแบฃi mแปng 	;1
khรกc hรฌnh khรดng nรชn mua	;1
cแป mแบทc thรฌ vแบซn ok	;2
Chแบฅt xแบฅu, mแปng nhรฃo,  khรดng phรน hแปฃp vแปi giรก tiแปn	;2
Vแบฃi mแปng nแบฟu mang nแปi y mรu ฤen thรฌ sแบฝ dแป bแป thแบฅy , cฦก mร tiแปn nรo cแปงa nแบฅy thui 	;3
Hฦกi buแปn shop แบก. Trong hรฌnh thรฌ cรณ chแปฏ แป quแบงn vร tay รกo nhฦฐng mร hรng vแป lแบกi khรดng nhฦฐ vแบญy. nhฦฐng mร from rแปng nรชn e ฦฐng, cho shop 4* thรดi nhรก	;4
รo bแป แป 2 bรชn tay รกo nnay chแบฏc chแบฏn khรดng tแบฉy ฤฦฐแปฃc Form quแบงn nhแป nรชn mn cรขn nhแบฏc size nhรฉ"	;4
Ai muแปn mแบทc rแปng thรฌ cแปฉ XL nhรฉ vรฌ quแบงn form nhแป lแบฏm แบก"	;4
ฤแป oki lแบฏm รก nha	;4
Fom xinh 	;4
Mรฌnh m57 47kg mแบทc L thแบฅy oki nรจ "	;5
Hรng ฤแบนp nha, chแบฅt liแปu mรกt, khรดng nhiแปu chแป thแปซa, vแปi giรก tiแปn nรy thรฌ quรก lร ฦฐng cรกi bแปฅng lun, sแบฝ แปงng hแป shop nhแปฏng lแบงn sau.	;5
chแบฅt lฦฐแปฃng phรน hแปฃp giรก cแบฃ nha , rแปng rรฃi thoแบฃi mรกi. mแบทc vรo mรนa hรจ thรฌ ฤรบng bรi luรดn nha 	;5
sแบฃn phแบฉm phรน hแปฃp vแปi giรก tiแปn , chแบฅt mแบทc mรกt 	;5
รo ฤแบนp nha mแปi ngฦฐแปi. Vแบฃi mรกt lแบฏm 	nhฦฐng mรฌnh ฤแบทt sz xl rแปi vแบซn thแบฅy รกo hฦกi ngแบฏn รญ"	;5
Hรng ฤแบนp vแบฃi mแปng chแบฅt lฦฐฦกng shipper thรขn thiแปn mแปi ngฦฐแปi nรชn mua 	;5
Chแบฅt cรณ vแบป hฦกi mแปng nhฦฐng ko sao  mแบทc rแบฅt mรกt	;5
Nhiแปu chแป thแปซa, chแบฅt cลฉng tแบกm ฤฦฐแปฃc, khรดng biแบฟt giแบทt cรณ phai mรu khรดng nรชn mua vแป cแปฉ vแปฉt tแปง lแบกnh 2 hรดm mแปi bแป ra giแบทt	;5
Hรng rแบฅt ฤแบนp vแบฃi mรกt	;5
Hรng ฤแบนp lแบฏm luรดn shop แบก, tuy nhiรชn vแบฃi hฦกi mแปng nhฦฐng chแบฅt rแบฅt mรกt lแบงn sau lแบกi แปงng hแป	;5
Siรชu ฤแบนp luรดn nha	;5
Chแบฅt lฦฐแปฃng sแบฃn phแบฉm tuyแปt vแปi ฤรณng gรณi sแบฃn phแบฉm rแบฅt ฤแบนp rแบฅt ฦฐng nha	;5
Rแบฅt ฦฐng	;5
Sแบฃn phแบฉm hฦกi mแปng nhฦฐng vแปi giรก tiแปn nhฦฐ thแบฟ thรฌ hแปฃp lรญ .........	;5
Ok nhรฉ 	;5
Chแบฅt mแปng mรกt . Rแบฅt ฤแบนp nรชn mua nha. Cรณ ฤiแปu lร chแป thแปซa chฦฐa cแบฏt hแบฟt แบก . Tรณm lแบกi lร ฤแบนp nรชn mua แบก mแบทc thรญch lแบฏm	;5
Hรng rแบฅt ฤแบนp tuy nhiรชn  รกo hฦกi ngแบฏn  shop ฤรณng hรng cแบฉn thแบญn 	;5
Vแบฃi hฦกi mแปng nhฦฐng vแปi giรก ฤแบฅy thรฌ cลฉng gแปi lร quรก ok rแปi แบก 	;5
Tuyแปt lแบฏm nรชn mua nha	;5
Sแบฃn phแบฉm rแบฅt tแปt nha mn 	;5
Vแบฃi rแบฅt ok luรดn .tแป mua 2 bแป luรดn รญ	;5
Vแบฃi แปn ฤแบนp	;5
ฤแบนp lแบฏm nha nรชn mua แบก	;5
Chแบฅt รกo mรกt 	;5
Giรก rแบฅt oke	;5
Form รกo xแบฅu, ngแบฏn ฦกi lร ngแบฏn	;2
Rแปng vcฤ  nhฦฐng chแบฅt ฤc nha	;3
รกo mแบทc mรกt nhฦฐng khรก dแป nhฤn. mรฌnh mแปi mแบทc 1 lแบงn ฤรฃ thแบฅy phแบงn cแป bแป dรฃo	;3
chแบฅt hฦกi thรด	;3
รo rแบฅt mแปng, trแบฃ lแปi tin nhแบฏn rแบฅt chแบญm	;3
sแป chแป, chแป thแปซa nhiแปu, nรณi chung lร thua bรชn trung gแบฅp nhiแปu lแบงn, mรฌnh mua lแบงn ฤแบงu tiรชn cลฉng nhฦฐ lแบงn cuแปi cรนng 	;3
chแบฅt vแบฃi cลฉng tแบกm ฤฦฐแปฃc (vร tuy nhiรชn lร khรดng bแบฑng chแบฅt bรชn trung rแปi)"	;3
Vแบฃi ฤแบนp nhฦฐng รกo size xl thรฌ ngแบฏn tay รกo cลฉng ngแบฏn nรณi chung lร tแบกm แปn vแปi giรก	;3
Giao nhanh nhฦฐng nhแบญn รกo vแป khรก thแบฅt vแปng vรฌ mรu รกo khรดng giแปng trong แบฃnh :( chแบฅt cลฉng khรกc vแปi รกo nelly mรฌnh order bรชn Trung vแป	;3
tiแปn nรo cแปงa nแบฅy tiแปn nรo cแปงa nแบฅy tiแปn nรo cแปงa nแบฅy tiแปn nรo cแปงa nแบฅy 	;4
mแบทc tแบกm tแบกm khรดng ฤแบนp lแบฏm hฦกi mแปng 	;4
mua cแปงa shop nhiแปu rแปi mร ฤแปฃt nรy shop chuแบฉn bแป hรng hฦกi lรขu, phแบฃn hแปi tin nhแบฏn cลฉng chแบญm.	;4
ฤแปc ฤรกnh giรก cแปงa mแปi ngฦฐแปi thแบฅy bแบฃo รกo ngแบฏn nรชn mรฌn chแปn size xxl nhฦฐng mรฌnh mแบทc siรชu rแปng, mรฌnh cao 1m66 50kg	;4
Chแบฅt vแบฃi khรก ฤแบนp, khรดng dรy cลฉng khรดng mแปng nhฦฐng cรณ thแป nhรฌn xuyรชn qua. Khuyรชn mn khรดng nรชn chแปn mรu trแบฏng vรฌ dแป bแป lแป. 	;4
Sแบฃn phแบฉm oke.	;4
Chแบฅt lฦฐแปฃng sแบฃn phแบฉm ko ฤแปu. รo ฤen vร vรng vแบฃi แปn, ฤฦฐแปng may chแบฏc. รo trแบฏng vแบฃi mแปng, ฤฦฐแปng may sฦก sรi, dฦฐ chแป nhiแปu	;4
Giao mรu nhแบกt hฦกn so vแปi แบฃnh 	;4
Vแบฃi tแบกm ฤฦฐแปฃc	;4
รo khรดng ฤแบนp bแบฑng lแบงn trc, vแบฃi cลฉng cรณ vแบป nรณng hฦกn	;4
Vแบฃi cรณ vแบป nรณng vร dแป giรฃn , ฤรบng tiแปn 	;4
M65 55kg mแบทc vแปซa nha,vแบฃi nรณng, mรฌnh thแบฅy chiแบฟc nรy vแปi mแบฅy chiแบฟc cรณ hรฌnh giรก 165 แบฅy vแบฃi gแบงn nhฦฐ nhau luรดn	;4
รกo cลฉng ok cรณ 1 chรบt chแป thแปซa	;4
Vแบฃi mรกt nhฦฐng khรก mแปng	;4
Form แปn"	;4
Vแบฃi แปn, ฤแป dรi ฦฐng, cแป รกo hฦกi bรฉ so vแปi mong ฤแปฃi. 	;4
รo nรณng	;4
รo tรญm bแป vแปt mแป chแป nแบฟp gแบฅp	;4
Chแบฅt รกo ฤฦฐแปฃc, viแปn cแป รกo nแบฟu thiแบฟt kแบฟ nhแป hฦกn thรฌ รกo sแบฝ ฤแบนp hฦกn	;4
รo ฤen phai lแบฏm 	;4
รo dรy dแบทn thแบฅm hรบt mแป hรดi chแปn size to nhแบฅt nhฦฐng theo mรฌnh chแป vฦฐฬa ngฦฐแปi 	;4
รกo mรu xinh lแบฏm แบก, vแบฃi dรy dแบทn nรชn cรณ lแบฝ sแบฝ hฦกi nรณng 1 chรบt, shop chu ฤรกo nhแบฏn tin bรกo hรng cแบฉn thแบญn tแป mแป, รกo kiแปu dรกng nhแป nรชn ฤแบทt size XXL lร khรดng quรก to, cรกc bแบกn tแบงm 55-60 ฤแบทt lร okie แปn nhรฉ	;5
รกo hแปng nรy mรu แป ngoรi xinh hฦกn mร chแปฅp lรชn hรฌnh khรดng ฤรบng mรu "	;5
รo siรชu ฤแบนp luรดn nhรฉ, mรu y hรฌnh chแบฅt mรกt	;5
Lแบงn ฤแบงu mua รกo trรชn mแบกng mร ฤฦฐแปฃc nรy siรชu thรญch luรดn แบก 	;5
Lแบงn sau cรณ tiแปn sแบฝ แปงng hแป shop tiแบฟp	;5
รo vแบฃi ฤแบนp, giรก rแบป. ฤแบทt mรu cam mร mรu nhแบญn vแป khรดng giแปng hรฌnh, nรณ lร mรu ฤแป cam ฤรบng hฦกn. thรดi cลฉng ฤฦฐแปฃc, sแบฝ แปงng hแป lแบงn sau 	;5
รกo mรกt lแบฏm nha 	;5
Ship hรng nhanh, รกo ฤแบนo lแบฏm แบก, sแป nhแบน mร mแปng mรกt lแบฏm nha, khรดng hแป bแป mแปng dรญnh ฤรขu nhรฉ, mรu tรญm แป ngoรi siรชu xinh luรดn	;5
Quay cแบญn chแบฅt cho mแปi ngฦฐแปi xem nรจ, รกo dรy dแบทn mแบทc vแบซn khรก lร mรกt. Giao hรng nhanh. รo tรญm chแบฅt mรกt hฦกn รกo hแปng 	;5
รกo chแบฅt liแปu rแบฅt ฤแบนp mร giรก lแบกi phแบฃi chฤng	;5
sแบฝ tiแบฟp tแปฅc แปงng hแป shop "	;5
Cool. รo giแบทt rแปi nรชn khรดng cรณ ฤแป chแปฅp. รo giแปng y hรฌnh, vแบฃi cotton dรy dแบทn. Mรฌnh cao 1m57 nแบทng 50kg ฤแบทt size XL hฦกi dรi vร rแปng xรญu. Nhฦฐng ns chung lร ฤแบนp vร ฤรกng tiแปn	;5
Giแบทt tay 1 lแบงn mร sao cแบฃm giรกc รกo dรฃn quรก nhแป	;5
Shop ฤรณng gรณi cแบฉn thแบญn, hรng giao nhanh. รo ฤแบนp form rแปng mร giรก quรก hแปฃp lรฝ luรดn	;5
vแบฃi mรกt , mรu xinh ฤรบng nhฦฐ แบฃnh , mua lรบc sale nรชn rแบฅt แปn cho 1 chiแบฟc รกo thun	;5
Chแบฅt lฦฐแปฃng sแบฃn phแบฉm tแปt. Vแบฃi รกo dรy, lรชn form ฤแบนp. Thแปi gian giao hรng nhanh	;5
รo ฤแบนp mแบทc thoแบฃi mรกi khรดng cรณ แบฃnh chแปฅp รกo nรชn lแบฅy tแบกm แบฃnh nรy แบก	;5
Hรng ฤแบนp nha	;5
Mรฌnh ฤแบทt 2 cรกi. Cรกi tรญm cรณ vแบฃi mแปng vร mรกt hฦกn. Giao hรng ฤแปง sแป lฦฐแปฃng	;5
Form vร vแบฃi ok nha, cลฉng khรดng cรณ gรฌ ฤแป chรช cแบฃ, shop khรก ฤรกng yรชu	;5
รo ฤแบนp, mรu ฤแบนp, xinh, mua ฤแบฟn cรกi thแปฉ 7 แป shop rแปi, shipper thรขn thiแปn	;5
รo ฤแบนp lแบฏm nha mแปi ngฦฐแปi mรฌnh thรญch chแบฅt cแปงa รกo thun trฦกn hฦกn nรจ 	;5
รo chแบฅt lฦฐแปฃng ฤแปnh cแปงa chรณp nha, dรi vแปซa phแบฃi, chแบฅt tแปt khรดng hแป nรณng. Mรฌnh ฤรฃ mua lแบงn thแปฉ 2 vร chแบฏc chแบฏn sแบฝ cรฒn แปงng hแป tiแบฟp. Mรฃi yรชu shop แบก :)	;5
รo ฤแบนp , phรน hแปฃp giรก tiแปn 	;5
ฤแบนp	;5
รo ฤแบนp, mรฌnh m55, 45kg mแบทc size xl thรญch mแบทc from rแปng xl quรก xinh sแบฝ tiแบฟp tแปฅc แปงng hแป	;5
lแบงn sau sแบฝ tiแบฟp tแปฅc แปงng hแป shop ^^"	;5
รo giao ฤรบng mรu, vแบฃi ok. 	;5
รo xinh, xแปn, mแปn giรก ok 	;5
Giao hรng nhanh, ฤรณng gรณi ฤแบนp vแป chแบฅt lฦฐแปฃng thรฌ thแบฅy mรu tรญm ok hฦกn รก , chแปฉ mรu ฤen hฦกi dรy cแป , xแปฉng giรก tiแปn 	;5
รกo xinh mร mแปi tแปi ngฦฐแปi tui lรนn mแบทc trรดng nhฦฐ cรกi vรกy	;5
Xแปn lแบฏm luรดn	;5
แปn	;5
Vแปi giรก tiแปn nรy thรฌ chแบฅt lฦฐแปฃng quรก oke rแปi. Giao hรng nhanh shop tฦฐ vแบฅn rแบฅt nhiแปt tรฌnh nรณi chung sแบฝ แปงng hแป shop nhiแปu lแบงn nแปฏa.	;5
sแบฃn phแบฉm tแปt	;5
ฤแบนp ฤแบนp ฤแบนp ฤแบนp ฤแบนp ฤแบนp ฤแบนp ฤแบนp ฤแบนp	;5
รo chแบฅt siรชu mรกt, vแบฃi ฤแบนp,from ฤแบนp, shop ฤรกnh iu tuy nhiรชn hฦกi nhiแปu bแปฅi vแบฃi nรชn lฦฐu รฝ giแบทt trฦฐแปc khi mแบทc	;5
Cรณ vแบป dรy dแบทn nom dรกng chuแบฉn hฦกn 	;5
giao hรng nhanh . รกo แปn vร giรก cลฉng ok nรชn khรก ฦฐng . sแบฝ mua tiแบฟp nhรฉ	;5
ฤแบนp chแบฅt mรกt nhฦฐng hฦกi mแปng mรu xinh form chuแบฉn	;5
ฤรบng ฤแปnh luรดn 	;5
rแบฅt ฤรกng tiแปn nรชn mua nha mแปi ngฦฐแปi ฦกi	;5
Giao hรng hฦกi lรขu xรญu nhฦฐng bรน lแบกi รกo rแบฅt ฤแบนp nha rแบฅt nรชn mua luรดn !!!! Lแบกi cรฒn siรชu rแบป nแปฏa	;5
รo tแบกm แปn chแบฅt hฦกi nรณng	;5
Chแบฅt รกo rแบฅt ฤแบนp, giรก rแบป, sแบฝ mua lแบกi lแบงn nแปฏa 	;5
Mua lแบงn 2, vแปซa ฤแบนp vแปซa rแบป, chแบฅt cลฉng แปn, vแปซa giรก tiแปn,mแบทc nhiแปu giแบทt nhiแปu khรดng biแบฟt bแป nhรฃo khรดng	;5
Chแบฅt lฦฐแปฃng sแบฃn phแบฉm nรy tuyแปt vแปi nhแบฅt ฤรณng gรณi sแบฃn phแบฉm nรy tuyแปt vแปi nhแบฅt 	;5
Vแบฃi ok vแปi giรก nhฦฐng mรu trแบฏng thรฌ sแบฝ thแบฅy hแบฑn nแปi y khรก rรต 	;5
Chแบฅt liแปu รกo แปn phรน hแปฃp vแปi giรก tiแปn, giao hรng nhanh tแบงm 2 ngรy cรณ hรng	;5
รo xinh chแบฅt ok so vแปi giรก tiแปn	;5
รo ฤแบนp, chแบฅt mรกt, mแบทc thรญch, sแบฝ mua thรชm	;5
รo ฤแบนp lแบฏm nha, รกo lแบงn 2 mรฌnh mua thรฌ dรi hฦกn lแบงn 1 dรน cรนng 1 cแปก nhฦฐng nรณi chung ฦฐng lแบฏm lแบฏm 	;5
รo ฤแบนp ngon bแป rแบป mua ฤungs lรบc sale  giao hรng lรขu mag ko hแป nha	;5
Chแบฅt vแบฃi ok lแบฏm nha	;5
Mแบทc thรญch แบก 	;5
รo ฤแบนp, mรu tรญm ฤแบญm hฦกn so vแปi trรชn hรฌnh. Chแบฅt vแบฃi cลฉng แปn, mua dแปp sale nรชn giรก tแปt.	;5
รo xinh, daฬy dแบทn, form ฤแบนp, nhฦฐng size xl mร to lm, ship nhanh nรชn mua 	;5
Ok	;5
รo xinh chแบฅt ok mรu cam hฦกi thiรชn vแป ฤแป chรบt xรญu..sแบฝ mua nแปฏaaa	;5
รo ฤแบนp chแบฅt vแบฃi cotton. ฤแบทt xl mร cแป รกo hฦกi bรฉ :((((((((((((((	;5
Mรu แป ngoรi ฤแบญm hฦกn vร ฤแบนp hฦกn nhiแปu khรดng hiแปu sao lรชn แบฃnh mรu khรกc vแบญy	;5
รo ฤแบนp, size 2xl rแปi mร vแบซn nhแป quรก	;5
รo ฤแบนp lแบฏm nha  , mรนi cรฒn thฦกm thฦกm nแปฏa . Dรกng lรชn ฤแบนp . Chแบฅt cลฉng OK luรดn nรจ . Shop nhiแปt tรฌnh . Giao hรng hฦกi lรขu xรญu . Cรฒn lแบกi ฤแปu rแบฅt tแปt	;5
Thแป xinh lแบฏm luรดn chแบฏc chแบฏn mรฌnh sแบฝ mua thรชm	;5
รกo vแบฃi mแปng, siรชu nhแบน vแปi thoรกng mรกt, rแปng rรฃi thoแบฃi mรกi lแบฏm luรดn แบก	;5
chแบฅt vแบฃi ok. khรดng quรก dรy cลฉng khรดng quรก mแปng. nรชn mua 	;5
Mua 2 chiแบฟc mร chแบฅt vแบฃi khรกc nhau, nรณi chung lร chแบฅt ฤแบนp :)))	;5
Rแบฅt tuyแปt vแปi แบก	;5
รo dรy dแบทn, thoแบฃi mรกi chแบฅt รกo khรดng bแป xรน 	;5
รo ฤแบนp vแบฃi rแบฅt ok 	;5
รo rรกch vai, vแบฃi nรณng , thแบฅt vแปng !	;1
รo xแบฅu ngแบฏn	;1
Chแบฅt lฦฐแปฃng quรก tแป	;2
รo rแบฅt ฤแบนp nhฦฐng cแป รกo xแบฅu ko thรnh hรฌnh trรฒn 	;3
รo rแบฅt hแปฃp vแปi giรก sale, รกo ko ฤแบนp lแบฏm	;3
รo mแปng quรก	;3
รo ko ฤฦฐแปฃc ฤแบนp cho lแบฏm vแบฃi mแปng .ฤฦฐแปng chแป thแปซa nhiแปu	;3
Tiแปn nรo cแปงa ฤรณ nรณi chung lร chแปu chi tiแปn thรฌ chแบฅt lฦฐแปฃng sแบฝ khรกc	;4
Tแบกm แปn, mแบทc hฦกi nรณng tรฝ	;4
Vแบฃi hฦกi thแปซa chแป	;4
Tรบi kรฉo cแบฉn thแบญn chแบฅt lฦฐแปฃng รกo ok nhฦฐng hฦกi mแปng 	;4
รo hฦกi bแบฉn xรญu	;4
Khรก แปฉng 	;4
Vแบฃi giรก tแบงm nรy rแบฅt ok 	;4
รกo khรก ok.. 	;4
รo hฦกi mแปng, ฤฦฐแปng chแป mแปi mua ฤรฃ sแปฉc	;4
รo ฤแบนp mร vแบฃi hฦกi mแปng แบก.	;4
รกo hฦกi xฦก	;4
Chแบฅt hฦกi nรณng	;4
hรng khรก ok	;4
Hฦกi ngแบฏn so vแปi tฦฐแปng tฦฐแปฃng. 	;4
รกo phแบฃi gแปi lร ฤแปnh luรดn nhรฉ  vแปi cรกi giรก nรy thรฌ khรดng chรช vรo ฤรขu ฤฦฐแปฃc. 	;5
ฤรณng gรณi cแบฉn thแบญn"	;5
Vแบฃi hฦกi mแปng vร nรณng	;5
Vแปi giรก vแบญy mรฌnh thแบฅy hแปฃp lรญ rแปi	;5
Rแบฅt hรi lรฒng vแป sแบฃn phแบฉm cแปงa shop. Shop ship rแบฅt nhanh nha โฆโฆโฆโฆโฆโฆโฆโฆโฆ	;5
Vแบฃi khรก mแปng cรณ vแบป nรณng nhฦฐng phรน hแปฃp vแปi giรก tiแปn rแปi แบก,khรดng ฤรฒi hแปi gรฌ nhiแปu vแปi giรก ฤรณ,ship nhanh,shop cแบฉn thแบญn bแป vรo tรบi zip cho	;5
Hรng giao nhanh sแบฝ แปงng hแป shop nhiแปu "	;5
Giao hรng khรก nhanh. Chแบฅt vแบฃi tแปt. Mแปi tแปi mรฌnh thแบฅy chแปฏ khรก dแป bong vร mรนi rแบฅt hรดi	;5
sแบฃn phแบฉm ฤแบนp lแบฏm nha	;5
Shop gรณi vรo tรบi rแบฅt lแปch sแปฑ	;5
ฤรขy lร sแบฃn phแบฉm ฦฐng nhแบฅt cแปงa mรฌnh"	;5
รo tแบกm แปn. Nรณi chung cลฉng ok	;5
Sแบฃn phแบฉm tแปt, ฤแบนp, ฤรกng mua cรกc bแบกn nรชn thแปญ nhรฉ.	;5
รo ฤแบนp phรน hแปฃp vแปi giรก tiแปn.	;5
Vแบฃi ฤแบนp nรชn mua nha mแปi ngฦฐแปi รกo ฤแบนp chแบฅt lฦฐแปฃng vแบฃi cลฉng tแบกm แปn ........	;5
ฤรณng gรณi sแบฃn phแบฉm chแบฏc chแบฏn, chแบฅt lฦฐแปฃng phรน hแปฃp vแปi giรก tiแปn, giao hรng nhanh	;5
giao nhanh, mรu ฤแบนp, chแบฅt vแบฃi khรก dรy dแบทn nhฦฐng trแปi nแบฏng thรฌ cรณ thแป mแบทc hฦกi nรณng. 	;5
Thแปi gian giao hรng nhanh chแบฅt lฦฐแปฃng sแบฃn phแบฉm phรน hแปฃp vแปi giรก tiแปn	;5
รกo แปn รกp , phรน hแปฃp vแปi giรก cแปงa nรณ 	;5
Giao hรng nhanh. Chแบฅt cแบฃi dรy dแบทn. Nรชn mua nha 	;5
Mแป ra nhรฌn rแบฅt ฤฦฐแปฃc xem lแบกi thรฌ bแป rรกch รกo chฦฐa mแบทc ฤรฃ rรกch khรดng ฤรกng tiแปn;1															
รo rรกch vai, vแบฃi nรณng , thแบฅt vแปng !	;1															
รo xแบฅu ngแบฏn;1															
Giao thiแบฟu hรng ... mua 4 nhฦฐng giao 2..;1																													
Chแบฅt lฦฐแปฃng quรก tแป;2															
Hรฌnh แบฃnh vร video chแป mang tรญnh minh hoแบก. Nhฦฐng sแบฃn phแบฉm chแป nhฦฐ giรก thรดi แบก. 50k / รกo cลฉng khรดng mong quรก nhiแปu แบก. Gแบงy thรฌ oke mua rแปng chแปฉ nแบฟu cแป vรo ngฦฐแปi nhiแปu sแบฝ nรณng;3															
รo rแบฅt ฤแบนp nhฦฐng cแป รกo xแบฅu ko thรnh hรฌnh trรฒn;3															
รo rแบฅt hแปฃp vแปi giรก sale, รกo ko ฤแบนp lแบฏm;	3															
รo mแปng quรก;3															
รo khรดng ฤฦฐแปฃc ฤแบนp cho lแบฏm vแบฃi mแปng .ฤฦฐแปng chแป thแปซa nhiแปu;3															
Tiแปn nรo cแปงa ฤรณ nรณi chung lร chแปu chi tiแปn thรฌ chแบฅt lฦฐแปฃng sแบฝ khรกc;4															
Tแบกm แปn, mแบทc hฦกi nรณng tรฝ;4															
Vai hฦกi thแปซa chแป;4															
Tรบi kรฉo cแบฉn thแบญn chแบฅt lฦฐแปฃng รกo ok nhฦฐng hฦกi mแปng;4															
รo hฦกi bแบฉn xรญu;4															
Khรก ฦฐng;4																
Vแบฃi giรก tแบงm nรy rแบฅt ฤฦฐแปฃc;4															
รกo khรก ok.. ;4															
รo hฦกi mแปng, ฤฦฐแปng chแป mแปi mua ฤรฃ sแปฉt	;4															
รo ฤแบนp mร vแบฃi hฦกi mแปng แบก.	;4															
รกo hฦกi xฦก;4															
Chแบฅt hฦกi nรณng;4															
hรng khรก ok	;4																												
Hฦกi ngแบฏn so vแปi tฦฐแปng tฦฐแปฃng. ;4															
รo xแบฅu, cแป thรฌ hฦกi nhแป, vแบฃi mแปng nแบฟu cรกc nแปฏ mแบทc vรด sแบฝ bแป lแป รกo trong, giao รกo cho mรฌnh mร cรณ hแบณn hai vแบฟt dฦก, tฦฐ vแบฅn khรดng nhiแปt tรฌnh, mรฌnh khรดng bao giแป sแบฝ mแบทc lแบงn thแปฉ hai;	1										
Vแป hรng khรดng ฤรบng แบก. Thรกi ฤแป nรณi chuyแปn phแปฅc vแปฅ rแบฅt khรณ chแปu;	1																			
Giao hรng khรดng ฤรบng mแบซu ฤรฃ ฤแบทt chแบฅt lฦฐแปฃng khรดng tแปt;1										
Giao cรกi quแบงn vแบฃi mรณng dรญnh Mua ฤen trฦกn mร giao 3 sแปc  ฤแปซng mua nhรฉ khรดng bao giแป cรณ mua lแบงn2 ;1										
trong mแปt ฤฦกn hรng mua 3 quแบงn 4 รกo, chแป nhแบญn ฤฦฐแปฃc 3 quแบงn nhฦฐng tแบฅt cแบฃ 3 quแบงn ฤแปu khรดng giแปng hรฌnh, kiแปm tra trรชn shop thแบงy cลฉng cรณ bรกn vแปi giรก chแป bแบฑng 3/4 giรก ฤรฃ bแป ra. thแปฑc sแปฑ buแปn vร thแบฅt vแปng lแบฏm luรดn รก;1										
Vแบฃi quรก mแปng. May nhฦฐ ฤแป chฦกi :))) quรก tแป;1										
Kh thรญch lแบฏm;1										
giao sai hรng chรกn ;2										
Vแบฃi thรด nรณng phom xแบฅu cแป รกo nhรบn rแบฅt xแบฅu khรดng ฤรกng ฤแป mua rแบฅt tแป;2										
Mรฌnh khuyรชn mแปi ngฦฐแปi khรดng nรชn mua vแบฃi mแปng mแบทc vรo lร thแบฅy รกo trong rแบฅt rรต luรดn chแบฅt vแบฃi rแบฅt bรกm bแปฅi mรฌnh khรดng thรญch chแบฅt รกo tรญ nรo;2										
Hรฌnh แบฃnh vร video chแป mang tรญnh chแบฅt nhแบญn xu chแปฉ chแบฅt lฦฐแปฃng sแบฃn phแบฉm thแบญt sแปฑ thแบฅt vแปng ;2										
Chแบฅt hรng khรดng ฤแบนp;2										
รo ngแบฏn hฦกn so vแปi hรฌnh, รกo bแป bแบฉn vร mแปng;2										
Chแบฅt lฦฐแปฃng sแบฃn phแบฉm quรก kรฉm, mแปng dรญnh, mแบทc nhฦฐ mแบทc tรบi ni lรดng xuyรชn thแบฅu ฤรฃ thแบฟ cรฒn rรกch lแป to, nhiแปu chแป bแป sแปฉt chแป.Yรชu cแบงu shop trแบฃ hรng hoรn tiแปn nhg shop mรฃi khรดng thแปฑc hiแปn ฤc, nhแบฏn tin tแปซ sรกng thรฌ tแปi tแปi muแปn mแปi trแบฃ lแปi, cแปฉ bแบฃo sแบฝ cรณ shipper lแบฅy hรng hoรn tiแปn mร gแบงn 1 thรกng rแปi cรณ ma nรo ฤแบฟn;	1										
Mแปi ngฦฐแปi cแบงn nhรฌn kแปน แบฃnh mร mรฌnh tแปฑ tay chแปฅp nha , hรng giao rแบฅt lรขu mร sแบฃn phแบฉm lแบกi khรดng chแบฅt lฦฐแปฃng , รกo ngแบฏn - vแบฃi mแปng - mแบทc nรณng , bแป 2 3 lแปi - mรu in nhแบกt nhรกch .. Mรฌnh sแบฝ khรดng bao giแป mua lแบกi , mแปi ngฦฐแปi nรชn LฦฏU ร !!! 	;1										
รo bแป dรญnh mแปฑc tรนm lum	;1										
รกo ngแบฏn,giแปng รกo body hฦกn lร รกo oversize nhฦฐng mร vแปi giรก thรnh nรy thรฌ ko ฤรฒi hแปi nhiแปu. nรณi chung lร tแบกm แปn	;2										
Bแป bung chแป, vแบฃi mแบทc hฦกi nรณng. Nรณi chung giรก vแบงy nรชn รกo bแป vแบญy cลฉng chแปu thรดi	;2										
chแบฅt vแบฃi giแบทt bแป xรน	;2										
Form รกo ko ฤc to lแบฏm chแบฅt แปn. Shop giao hรng nhanh ฤรณng gรณi cแบฉn thแบญn 	;2										
รo nhแบญn vแป khรก แปn, vแบฃi hฦกi mแปng,vแปi mแบทc hฦกi nรณng รกo ฤฦฐแปฃc bแปc trong tรบi zip chแปฉ k bแป bรฌ bรณng nhฦฐ mแบฅy shop vแปi nhรขn viรชn rแบฅt tแปt. Nhฦฐng ฤiแปu khiแบฟn mรฌnh rแบฅt khรณ chแปu lร shop gรณi hรng quรก lรขu lรm mรฌnh ฤแบทt รกo ฤแป tแบทng chแป cแปงa mรฌnh nhฦฐng cuแปi cรนng lแบกi khรดng ฤฦฐa ฤฦฐแปฃc ;3										
Mแปt chiแบฟc rแบฅt ฤแบนp. Cรฒn 1 chiแบฟc bแป bแบฉn. Vแบฃi hฦกi mแปng nhฦฐng mแบทc lรชn rแบฅt vแปซa form, mรฌnh cao 1m54 mแบทc qua mรดng :v	;3	
thแบฅy trรชn hรฌnh tฦฐแปng vแบฃi dรy dรy khi giao vแป vแบฃi mแปng lรฉt khรดng ฦฐng ฤฦฐแปฃc tรญ nรo;	1																	
Vแบฃi kiแปu bแป mแปงn แบฅy thแบฅt vแปng thแปฑc sแปฑ ;	1										
Hรng ko phแบฃi cotton nhฦฐ quแบฃng cรกo. Thรด cแปฉng, mua vแป vแปฉt xรณ, ko cho ฤแปi trแบฃ.;1										
รo cรฒn chแป thแปซa. Mแปi ngฦฐแปi nรชn cรขn nhแบฏc khi mua	;1										
Mรu vแบฃi kรฉm quรก, mแบทc ฤฦฐแปฃc ฤรบng 1 lแบงn phai hแบฟt cแบฃ	;1										
Khรดng giแปng trong แบฃnh	;1										
Xแบฅu, ko ฤรกng vแปi giรก, from size L mร chแบญt	;1										
Giแบทt ฤรบng 2 lแบงn vแบฃi bแป nhฤn co xแบฅu cแปฑc ;1																					
รกo chแบฅt liแปu khรดng phแบฃi cotton,vแบฃi  bแป rรฃo, quรก nhiแปu nแบฟp mแบทc vรo xแบฅu cแบฃ ngฦฐแปi. khuyรชn mแปi ngฦฐแปi ฤแปซng nรชn mua hรng nรy!	;1										
Chแบฅt lแบงn sau khรกc hแบณn vแปi chแบฅt lแบงn ฤแบงu mua ,chแบฅt lฦฐแปฃng tแป	;1										
รo khรดng ฤรบng kรญch thฦฐแปc shop quแบฃng cรกo	;1																			
Vแบฃi sแป thรฌ thแบฅy mรกt. Khรดng quรก mแปng nhฦฐng khรดng dรy. Mรนi รกo thรฌ khรดng thแป ngแปญi nแปi. Vแปi giรก tiแปn ฤรณ thรฌ cลฉng tแบกm ฤฦฐแปฃc	;3																					
รo chแบฅt lฦฐแปฃng cลฉng phแบฃi chฤng"	;3										
Mรu trรชn shop ฤแป lร mรu hแปng ruแปc. Nhฦฐng khi nhแบญn hรng mรu hแปng kiแปu tรญm tรญm รฝ.  ko giแปng mรu hแปng ruแปc huhu. Mua cรกc mรu trฦฐแปc ฦฐng lแบฏm. Chแป cรณ mรu hแปng nรy lรm mk thแบฅt vแปng. :((((	;3										
Thun mแปng, phแบงn cแป may khแปp vแปi ฤฦฐแปng may vai sแบฝ ฤแบนp hฦกn, gรณi hรng ฤแบนp	;3										
Hรฌnh แบฃnh chแป mang tรญnh chแบฅt lแบฅy xu . Chแบฅt รกo ok nhฦฐng ฤฦฐแปng may kรฉm	;3										
รo mรu ฤen chแป may trรชn vai chแป cรณ 1 ฤฦฐแปng may thay vรฌ 2 ฤฦฐแปng may nhฦฐ trรชn แบฃnh. Mรฌnh khรก thแบฅt vแปng vแป รกo mรu ฤen mแบทc dรน ฤรฃ ฤฦฐแปฃc shop giแบฃi thรญch lร do xฦฐแปng thรญch may nhฦฐ vแบญy :< cรกc bแบกn mua mรu ฤen nรชn xem xรฉt !!!	;3										
ฤแบทt mรu xรกm mร giao mร be khรดng ฤแบนp		;3									
รo chแบฅt bรฌnh thฦฐแปng 	mแปng 	;3									
Mรฌnh ฤแบทt size L vรฌ trรชn bแบฃng size ghi dรi รกo tแบญn 71 cm nhฦฐng mรฌnh ฤo chแป ฤฦฐแปฃc tแบงm 65 cm thรดi cรฒn ngแบฏn hฦกn cแบฃ size M nรชn hฦกi thแบฅt vแปng . Mรฌnh cao m55 mแบทc thแบฅy cลฉng ok nhฦฐng vรฌ mรฌnh thรญch mแบทc oversize nรชn khรดng ฦฐng lแบฏm , bแบกn nรo muแปn mแบทc rแปng hแบณn thรฌ mรฌnh nghฤฉ nรชn ฤแบทt XL hoแบทc 2XL . 	;3										
form รกo khรก ฤแบนp, mรฌnh cao m55, 46kg mแบทc rแปng qua mรดng nhรฉ. Chแบฅt vแบฃi khรก ฤฦฐแปฃc, tuy nhiรชn, mรฌnh vแปซa giแบทt mแปt lแบงn nฦฐแปc khรดng thรดi mร phai mรu kinh lแบฏm, hรดm nhแบญn hรng mรฌnh khรดng cรณ nhร nรชn khรดng ฤรกnh giรก luรดn ฤฦฐแปฃc.	;3										
Chแบฅt ฤแบนp. Size M ฤo vแปซa in vแปi size L ๐. Form rแบฅt rแบฅt rแปng. ;3										
Chแบฃ hiแปu kiแปu gรฌ :) . Chแบฅt vแบฃi ฤแบนp giao hรng 1 ngรy max nhanh. Tแปi mแปi cรณ vแบฟt bแบฉn nhฦฐ kia lรm mรฌnh khรณ chแปu 	;3										
รกo ฤแบนp tuyแปt vแปi mua nhรณm nรชn ฦฐng รฝ =>> mแปi tแปi bแบฃng size hฦกi sai lแปch =)))) cลฉng tแบกm 	;3										
Shop giao ฤรบng mแบซu, รกo hฦกi mแปng, mแบทc mรกt, co dรฃn rแบฅt tแปt	;3										
Xem mแปi ngฦฐแปi ฤรกnh giรก nรณi chแบฅt vแบฃi mรกt nรชn tui quแบฅt luรดn 2 cรกi. Ai dรจ chแบฅt khรดng mรกt ฤรขu	;3										
Vแบฃi รกo mแปng from รกo dรi nรชn lฦฐu รฝ trฦฐแปc khi muA"	;3									
รo mแปng vร dแป nhฤn cแปฑc รฝ ;3											
Khรก lร thแบฅt vแปng 	;3																			
รo mแปng, ฤแป lรดng kinh khแปงng. Thแบฅt vแปng cแปฑc. ;3										
Chแบฅt liแปu cลฉng tแบกm ฤฦฐแปฃc, hฦกi mแปng. ฤแบทt 3 cรกi nhฦฐng 2 รกo mรu cam vร tรญm ฤฦฐแปng may แป vai khรดng ฤฦฐแปฃc ฤแบนp, bแป dรบm. ;3										
hฦกi thแบฅt vแปng mua 2 cรกi lแบงn trฦฐแปc ฦฐng lแบฏm nรชn lแบงn nรy lแบกi mua mร lแบงn nรy รกo nhแป ฤแบทt xl mร nhฦฐ size M,l ngแบฏn gแบงn 3 phรขn so vแปi รกo lแบงn trฦฐแปc mua luรดn แบฅy 	;3										
Quแบงn vแปi giรก nรy thรฌ vแบฃi ok. ;3										
รกo hฦกi nhฤn	;3										
รo khi mแปi mแป ra thรฌ khรก hฦกi khi mแบทc thรฌ bแป dรญnh vแบฃi lรชn trรชn ngฦฐแปi 	;3																													
รo mรu be mแปng quรก nรชn tแบกm ฤรกnh giรก shop 3โญ๏ธ	;3										
Chแบฅt vแบฃi khรกc vแปi lแบงn trฦฐแปc  mแบทc khรดng ฦฐng lแบฏm!	;3										
Vแบฃi แปn, cแป รกo nhฦฐ ฤฦฐแปฃc thiแบฟt kแบฟ ฤแป siแบฟt cแป, khรดng biแบฟt giแบทt vรi lแบงn nรณ cรณ rแปng cรกi cแป รกo ra tรญ nรo khรดng	;3										
รกo thรฌ ฤแบนp rแปi แบก	;3																		
รo rแบฅt dแป bแป nhฤn	;3										
รo chแบฅt ฤแบนp. ;3										
Kรฉm	;3										
Chแบฅt vแบฃi vร ฤฦฐแปng may tแปt nhฦฐng รกo bรฉ hฦกn so vแปi bแบฃng size nรชn khรดng ฦฐng lแบฏm	;3																					
รo hฦกi mแปng"	;3										
Dรกng รกo ฤแบนp แบก , mแปi tแปi vแบฃi mแปng nhรฌn rรต รกo bรชn trong	;3																				
รกo bแป lแปi vร ฤแป lรดng nhjแปu mua 4 cรกi chแป hรi lรฒng 2 cรกi :(( chรกn quรก	;3																																
Chแบฅt vแบฃi mรกt. Tuy nhiรชn mรฌnh ฤแบทc biแปt khรดng thรญch phแบงn cแป รกo, รกo mรu trแบฏng cรฒn cแป รกo lแบกi mรu ngร mแบทc lรชn nhฦฐ bแป แป vรng vแบญy!!	;3										
Tแบกm ฤฦฐแปฃc	;3										
Sแบฃn phแบฉm oke nhฦฐng giao trแป 	;3										
Mรu xanh ฤแบนp hฦกn mรu trแบฏng, vแบฃi trแบฏng hฦกi mแปng 	;3																													
รo hฦกi tแป vรฌ cรกi nhรฃn mรกc รกo mแบทc lรm ngแปฉa lฦฐng:((	;3										
Quแบงn cรณ vแบฟt hฦกi dฦก. แปn so vแปi giรก	;3																																																											
Chแบฅt ฤฦฐแปฃc, mแบทc mรกt, mแปi tแปi chฦฐa rแปng theo รฝ mรฌnh lแบฏm; 4																		
รo hฦกi bแบฉn		;3																			
Vแบฃi dรy, co giรฃn nhฦฐng mแบทc mรนa nรy nรณng vรฌ ko phแบฃi cotton, giao hรng nhanh	;4																		
Giao hรng khรก nhanh, giao ฤแปง hรng, chแบฅt hฦกi nรณng:) nhฦฐng ฤแบทt size XL thรฌ khรก rแปng rรฃi, nรณi chung lร แปn	;4										
รo giแปng nhฦฐ hรฌnh, chแบฅt hฦกi dรy, mรฌnh ฤแบทt รกo XXL rแปi nhฦฐng รกo trรดng vแบซn hฦกi nhแป รฝ :โ))) Giรก cแบฃ phแบฃi chฤng, sฤn ฤc sale nรชn rแบฅt rแบป...giao hรng cx nhanh	;4										
Vแบฃi xแปn mรกt nhฦฐng ฤฦฐแปng may chแป cแป รกo lรm mรฌnh thแบฅt vแปng 1 chรบt vรฌ thแบฅy mแปi ngฦฐแปi khen tแบฅm tแบฏc :( nhฦฐng so vแปi giรก lร tแบกm แปn แบก	;4																			
รo chแบฅt thรฌ ฤแบนp lแบฏm rแปi hแปi vแปi giรก tiแปn, nay giแบทt ฤi phฦกi lรชn mแปi thแบฅy bแป bแบกc, bแป mแปc tรนm lum tรนm la, bแบกn nรo mua mรu ฤen thรฌ nhรฌn sแบฝ rรต hฦกn chแป bแป bแบกc 	;4										
รo chแบฅt khรก lร mรกt, giแปng hรฌnh, nhฦฐng cรณ 1 ฤiแปm trแปซ duy nhแบฅt lร ฤฦฐแปng may rแบฅt lร xแบฅu 	;4																										
ฤรกng tiแปn แป mแปฉc chแบฅp nhแบญn ฤฦฐแปฃc!"	;4										
phแบงn cแป may แบฉu quรก, mรนi รกo hฦกi ghรช!!!	;3										
form รกo cลฉng tแบกm"	;4										
รo vแบฃi mแปng mแบทc rแบฅt nรณng khรดng thแบฅm hรบt mแป hรดi mแบฅy nรชn cรขn nhแบฏc khi mua	;4																				
Vแบฃi รกo cลฉng tแปt nhฦฐng cรกi logo รกo may hฦกi cao, khรดng cรณ giแบฅy thฦกm nรชn khรก hรดi, giao hรng chแบญm mแบฅt tuแบงn	;4										
รกo mแปng ;4																				
Chแบฅt vแบฃi mแปn	;4																													
Chแบฅt mรกt ;4
vแบฃi ฤแบนp dรนng cลฉng ok		;4								
Nรณi chung lร nรชn mua nha"	;4																				
รo chแบฅt mแปn khรดng dแป xรน. ;4										
รo ฤแบนp phรน hแปฃp vแปi giรก tiแปn				;4							
Nรชn mua nha ;4																				
 chแบฅt mแปng dแป nhฤn;4										
แปng tay รกo hฦกi ngแบฏn so vแปi size XL	;4										
Vแบฃi tแปt mร รกo to quรก :( ฤรณng gรณi sแบฃn phแบฉm ฤแบนp, giao hรng nhanh..	;4										
Sรฃn phแบฉm  khรดng mแปn.   rแบฅt nรณng nแปฑc. dรi quรก'  hรng kรฉm chแบฅt lฦฐแปฃng	;1																			
รo ko giแปng trong hรฌnh 	;1										
Chแบฅt lฦฐแปฃng รกo khรก แปn so vแปi giรก tiแปn	;3																												
รo tay quรก ngแบฏn cรฒn bแป lแปi ฤฦฐแปng may ;	1																				
รo ngแบฏn ship lรขu hรng khรดng ฤแบนp khรดng ok tรญ nรo tแปซ hรng ฤแบฟn ship	;1										
Hแป trแปฃ kรฉm	;1										
								
Hรng cลฉng tแบกm แปn quแบงn thรฌ khรดng ฦฐng รฝ lแบฏm	;4	
รกo mแปng mร cรฒn nรณng	;4	
รo hฦกi mแปng	;3	
 vแบฃi hฦกi mแปng	;3	
Chแบฅt lฦฐแปฃng kรฉm	;2	
Chแป quแบงn rแบฅt tแป 	;2	
Quแบงn mua vแป bแป rรกch 	;2	
Quแบงn แปn รกp	;3	
รo thรฌ khรดng thoรกng mรกt 	;3	
Quแบงn vแบฃi quรก mแปng	;3	
Chแบฅt sแป khรก mรกt. 	;3	
Giao hรng nhanh. Nhฦฐng trแบฃi nghiแปm vแบซn chฦฐa hรi lรฒng. "	;3	
Chแบฅt mแปng, nhฦฐng nรณng	;3	
Quแบงn mแปng quรก 	;3	
Nhรฌn chung thรฌ cลฉng ok 	;3	
Vแบฃi quแบงn mแปng	;3	
Phรน hแปฃp vแปi giรก tiแปn, ฤแป ฤแบนp	;3	
Nhฦฐng ฤฦฐแปng chแป may khรก tแป	;3	
Quแบงn may ฤฦฐแปng chแป khรดng แปn ,รกo tแบกm ฤฦฐแปฃc	;3	
Bแป ฤแป khรก แปn. Quแบงn hฦกi mแปng nhฦฐng mแบทc khรก mรกt	;3	
Tแบกm ฤฦฐแปฃc	;3	
รo chแบฅt ฤแบนp, cรฒn quแบงn chแบฅt vแบฃi xแบฅu	;3	
Chแบฅt xแบฅu . 	;1	
Hรng oki . รo mแปng. Nhรฌn cลฉng ฤฦฐแปฃc	;4	
 รo thรฌ ok nhฦฐng quแบงn vแบฃi xแบฅu 	;4	
Chแบฅt vแบฃi tแบกm แปn 	;4	
 nhรฌn rแบฅt xแบฅu . Khรดng hรi lรฒng 	;1	
 khรก แปn, รกo thรฌ ฤแปก, quแบงn khรดng ฤแบนp lแบฏm.	;4	
Sแบฃn phแบฉm  ok.    Vแบฃi mแปng mรกt.	;4	
Quแบงn hฦกi mแปng, cรณ vแบป nรณng 	;1	
รo thรฌ ฤฦฐแปฃc	;4	
Hรng gรณi ฤแบนp	;4	
Vแบฃi ko ฤแบนp, rแบฅt nรณng .	;1	
Vแบฃi xแบฅu cแปฑc kแปณ 	;1	
Chแบฅt vแบฃi thรฌ nรณng thรด 	;1	
Tรณm lแบกi hรng rแบฅt chรกn"	;1	
รo rรกch nรชn mรฌnh khรดng hรi lรฒng	;1	
vแบฃi mแปng dรญnh	;1	
Vแบฃi mแปng, nรณng. Sai lแบงm 	;1	
Vแบฃi mแปng	;1	
Chแบฅt quรก xแบฅu, khรดng thแป mแบทc ฤฦฐแปฃc, lรm giแบป lau cรฒn khรดng thแบฅm ฤฦฐแปฃc nฦฐแปc,	;1	
Quรก tแป 	;1	
Vแบฃi xแบฅu.	;1	
Chแบฅt vแบฃi quรก mแปng	;2	
Hรng ฤรณng gรณi sฦก sร	;2	
Mแปng dแป sแปฃ luรดn,  tแป , thแบฅt vแปng ghรช luรดn	;2	
Vแบฃi khรก mแปng. Vรi khรดng nรณng khรดng mรกt.	;2	
Giao hรng lรขu vร ฤแบทc biแปt lร vแบฃi rแบฅt mแปng luรดn vร cรฒn bแป rรกch nแปฑa	;2	
Chแบฅt vแบฃi thรด, nรณng, khรดng co giรฃn, kรญch thฦฐแปc khรก bรฉ so vแปi size chuแบฉn	;2	
hรng thun mแบทc nรณng coton nhiแปu khรดng thแบฅm hรบt mแป hรดi 	;2	
Thun coton nhiแปu mแบทc nรณng khรดng thแบฅm mแป hรดi 	;2	
Chแบฅt vแบฃi xแบฅu:<	;2	
khรดng ฤแบนp  vแบฃi mแปng chแบฅt nรณng 	;2	
Nรณi chung lร khรดng ฦฐng"	;2	
Hฦกi mแปng nha	;2	
Vแบฃi mแปng	;3	
 Vแบฃi hฦกi mแปng. Giรก tแบกm chแบฅp nhแบญn ฤฦฐแปฃc	;3	
รo rแปng rรฃi vแปซa ngฦฐแปi, khรดng cรณ tรบi, vแบฃi loแบกi nhแบน nhฦฐng mแบทc hฦกi nรณng	;3	
Vแบฃi mแปng	;3	
Chแบฅt รกo mแปng vร nรณng, hรฌnh khรก dแป thฦฐฦกng	;3	
Vแบฃi rแบฅt xแบฅu. Mแปng. 	;3	
Hรng so vแปi giรก tiแปn thรฌ ok แบก. Nhฦฐng thแปฑc sแปฑ rแบฅt rแบฅt mแปng vร nรณng 	;4	
Vแบฃi mแปng nhฦฐng ฤc cรกi lร mแปm, khรดng cแปฉng lแบฏm, cลฉng ok	;4	
So vแปi giรก tiแปn thรฌ sแบฃn phแบฉm ฤฦฐแปฃc vแบญy lร tแปt rแปi แบก. 	;4	
vแบฃi hฦกi mแปng 	;3	
hฦกi thแบฅt vแปng	;4	
